x,y,z
-1.74191,-2.53793,1.04751
-1.61958,-2.44883,1.1263
-1.62498,-2.64651,1.11203
-1.45518,-2.885,1.21119
-1.42865,-3.12784,1.20274
-1.26654,-3.11899,1.31349
-0.16599,-5.4043,1.89278
-1.16043,-3.72821,1.34307
-1.16979,-3.38765,1.36089
-0.302346,-4.78206,1.85274
-1.01556,-4.0852,1.41383
-0.0238421,-5.26198,1.99922
-1.00066,-3.68431,1.45724
-0.833795,-4.49485,1.50371
-0.573464,-4.36488,1.69555
0.284361,-5.91114,2.15318
0.692517,-6.7382,2.37597
-0.850927,-4.01508,1.53129
0.0691869,-5.22193,2.06743
-0.723127,-4.44794,1.58702
0.368242,-5.82504,2.22889
-0.752648,-3.98493,1.5989
1.31483,-7.52202,2.72073
-0.500115,-4.90945,1.70356
0.814248,-6.52471,2.46945
1.38251,-7.3162,2.76362
1.8199,-7.30189,2.72395
0.945949,-6.39716,2.55961
1.45826,-7.22529,2.84003
3.26634,-10.076,3.88635
1.91791,-7.14793,2.81979
1.56895,-7.22648,2.92369
3.27454,-9.72589,3.879
4.3828,-10.8604,4.35973
9.7775,-16.9926,7.49719
2.02128,-6.98016,2.87129
5.17792,-11.7199,5.03353
3.3489,-9.61523,3.94975
7.29672,-14.3212,6.26736
9.88572,-16.8315,7.56283
6.86711,-14.1157,5.92135
4.47308,-10.6202,4.4388
14.9373,-22.2613,10.386
3.51458,-9.67668,4.05499
7.80692,-14.8557,6.57282
10.2403,-17.1096,7.79026
5.982,-11.9864,5.1525
10.8984,-17.6925,8.11136
23.6579,-23.1305,13.2876
23.87,-22.941,13.1828
24.8929,-21.2279,13.2845
22.805,-24.0579,12.7884
23.9453,-22.6133,12.9268
25.1241,-21.0461,13.1231
21.6313,-16.0498,11.0532
24.3175,-22.326,12.6775
10.5575,-6.76685,5.20059
15.7001,-11.1748,7.56767
10.6661,-6.6838,5.09562
13.8311,-7.62669,6.60249
13.0567,-8.00016,6.00787
8.11705,-3.7856,3.77786
11.2279,-6.61929,4.92873
8.09844,-3.6566,3.62463
7.73348,-3.00095,3.5249
8.02048,-3.99304,3.37096
7.9616,-3.47111,3.40191
7.85929,-2.92912,3.43162
7.98193,-2.50696,3.57934
7.75858,-3.20514,3.13883
8.0856,-2.4104,3.45899
7.11108,-1.73283,3.15013
8.22535,-2.7417,3.22155
5.7001,0.113158,2.49756
7.62701,-2.14097,3.08983
6.46162,-0.254361,2.34486
7.15859,-1.61981,3.01645
6.01512,0.00659131,2.32239
6.42945,-1.12668,2.8248
7.51865,-1.92983,2.86685
5.25748,0.440524,2.31812
6.81656,-1.41608,2.71005
5.87026,0.183484,2.11689
5.50364,0.384987,2.1244
5.95116,-0.649212,2.60343
6.68044,-1.22033,2.49311
4.87047,0.721892,2.1669
5.36787,0.548508,1.93345
6.11417,-0.754723,2.32078
6.2085,-0.276465,2.71364
4.78609,0.850278,2.00278
4.99855,0.78246,1.87345
4.54468,0.972523,2.04854
6.60452,-0.445633,2.56352
4.45525,1.09899,1.89042
4.24336,1.19209,1.94449
6.69324,3.88726,3.4004
4.35586,1.22807,1.72606
4.98174,3.04524,2.19762
4.14893,1.31657,1.79035
4.805,3.08027,2.32796
3.96832,1.38965,1.85549
4.71913,3.1491,2.48775
5.23927,3.64609,2.30537
5.2042,3.8429,2.63136
3.77948,1.59632,1.8096
5.17868,3.95066,2.84699
3.99767,1.74444,1.65362
5.91247,4.84309,2.86066
6.81008,3.19844,3.08092
5.83701,4.9334,3.09804
6.90704,3.4488,3.39739
5.79443,5.02654,3.33985
6.49954,3.38969,2.76648
6.86419,6.46219,3.5182
6.62784,3.66307,3.09478
6.79168,6.5603,3.81545
6.63776,6.54051,4.04079
8.62865,9.11844,4.32359
8.4362,9.11801,4.62383
8.28002,9.12645,4.9614
8.10891,9.07211,5.25051
10.1183,12.3527,5.49347
11.2581,13.9918,6.66866
9.6917,12.2247,6.26108
9.52531,12.1335,6.62438
2.23281,3.14986,1.38753
2.15064,3.09465,1.61549
2.05914,3.22811,1.43084
1.77545,3.42695,1.34109
1.96284,3.24391,1.51831
1.75147,3.38414,1.47053
1.53357,3.54735,1.39301
1.5285,3.48976,1.51667
1.29636,3.65188,1.44614
4.75937,17.4645,6.70988
1.07687,3.73495,1.53985
2.43088,12.6654,4.52927
2.68916,13.402,5.07756
2.28752,10.7702,4.32818
2.58962,11.5629,4.87654
1.35236,11.2667,4.0116
1.3975,10.6611,4.00462
1.46252,10.1404,4.01753
1.53228,9.72787,4.02742
0.457554,9.18837,3.27797
0.558105,8.93322,3.34486
0.672601,8.68133,3.41088
0.782394,8.47484,3.45852
-0.156662,7.83125,2.81615
-0.0411914,7.71279,2.89338
0.146917,7.55288,3.00418
-0.545754,6.73167,2.49986
-0.364099,6.69285,2.62085
-0.24773,6.68012,2.68705
-0.778437,5.55173,2.12624
-0.573393,5.63358,2.26352
-0.984019,4.93452,1.94387
-0.850584,5.04392,2.03491
-1.37218,4.49314,1.76637
-1.14914,4.74494,1.88474
-1.39038,4.19959,1.73248
-1.32835,4.31121,1.77733
-1.86393,2.79142,1.3277
-1.60182,3.67401,1.56102
-1.89214,2.52346,1.2498
-1.51724,3.84409,1.62209
-1.64,3.54742,1.51803
-2.01021,2.31922,1.20781
-1.7784,3.09767,1.40862
-1.72046,-0.994541,1.05686
-1.6819,-1.206,1.06427
-0.978166,-2.91388,1.52403
-1.55275,-1.4716,1.11989
-0.937146,-2.70266,1.57087
-0.750947,-3.11552,1.65089
-0.78885,-2.89001,1.64983
-1.47657,-1.81059,1.16321
-0.601306,-3.35396,1.73261
-0.619868,-3.09371,1.75022
-0.51164,-3.33736,1.79947
-1.45445,-2.06716,1.26828
-0.335901,-3.59379,1.89956
-0.432122,-3.30816,1.85883
-0.0843217,-3.85388,2.04987
-0.219257,-3.54064,1.9853
1.36475,-5.10694,2.92498
-1.23984,-2.33302,1.38842
-1.22136,-2.50673,1.3894
1.86935,-5.52632,3.23298
0.0901286,-3.82554,2.1263
0.212055,-3.59168,1.96802
0.502561,-4.47247,2.40544
0.998339,-4.69232,2.71496
-1.07017,-2.51644,1.4924
2.50267,-5.97034,3.62853
-1.03249,-2.70654,1.50211
1.9342,-5.45931,3.28098
0.264164,-3.517,1.99171
0.565571,-4.40416,2.44446
0.888582,-4.78484,2.63367
2.56029,-5.90737,3.66302
2.03652,-5.48001,3.35094
2.82476,-5.53991,3.53742
4.13807,-6.94545,4.63254
2.692,-5.98554,3.75146
4.19568,-6.94875,4.65835
2.90252,-5.49518,3.55115
7.85543,-9.46889,6.94115
4.30865,-7.05755,4.73787
9.64029,-9.07489,7.82656
9.42506,-10.0836,7.92263
5.20142,-7.415,5.22239
6.21652,-7.74233,5.8063
12.3491,-10.1621,9.6151
4.53718,-7.28357,4.87531
10.5991,-11.1398,8.63982
12.8188,-11.9658,10.0679
6.89624,-8.52335,6.36464
14.3506,-11.7514,10.9203
8.46728,-9.17645,7.37116
5.20751,-7.21606,5.04037
13.8763,-12.719,10.534
7.25868,-8.90942,6.5934
7.86276,-8.46239,6.73936
20.3424,-12.5614,14.6049
23.4383,-16.5496,16.4643
25.4602,-15.6272,17.7261
6.5433,-1.46137,4.22141
25.6472,-17.719,17.2928
8.14279,-2.74325,4.68202
26.4792,-16.1048,17.7758
7.06697,-1.96342,4.18769
12.8269,-6.71058,8.6196
11.3465,-5.04697,7.69321
26.8783,-15.9417,17.2587
7.1705,-1.86909,4.01954
12.9623,-6.7022,8.3641
6.34165,-1.30203,3.68974
5.81275,-0.852422,3.53366
5.49304,-0.496461,3.49928
12.9158,-6.48162,7.94809
6.41402,-1.20024,3.52294
11.6265,-5.03401,7.25354
8.33108,-3.00844,5.30297
5.32758,-0.423474,3.21668
5.41566,-0.141367,3.44751
11.829,-4.93772,7.01672
5.70725,-0.658807,3.08658
8.42721,-2.97796,5.1114
7.60036,-2.18076,4.74245
5.44079,-0.0736613,3.27495
5.02043,0.18932,3.20457
5.85572,-0.264549,3.13517
5.0344,0.262897,3.0347
5.4117,0.0714856,2.97393
4.66767,0.47181,2.9976
5.01149,0.350038,2.8379
4.95983,0.47269,2.64273
4.36134,0.764023,2.74806
4.09256,0.943174,2.68822
4.06031,1.02984,2.51632
3.84432,1.14167,2.56712
4.26358,1.02067,2.30646
3.61223,1.32127,2.46082
3.95986,1.2473,2.17783
3.76624,1.33513,2.23563
3.38838,1.48229,2.36415
3.51437,1.66471,2.32615
4.15496,2.13195,2.98053
7.59996,3.6395,4.3962
10.6061,5.48541,6.65576
7.21167,4.0205,4.93256
4.32421,2.56933,3.20452
5.11854,5.09297,4.54079
7.54728,4.57344,4.90785
5.99045,6.37227,4.83288
4.47942,2.88666,3.17738
5.89273,6.47133,5.16598
5.7413,6.46498,5.41304
7.57423,8.99316,6.10039
4.3621,3.0615,2.95892
7.12925,8.70527,6.20952
4.32392,3.20027,3.19978
6.88272,8.62504,6.49416
4.27154,3.3103,3.4242
6.67202,8.52663,6.74681
9.42405,12.9614,8.32263
4.75469,3.84489,3.38917
9.04829,12.7337,8.61529
4.70233,3.97599,3.65305
7.40394,10.6235,7.5975
4.64662,4.0827,3.90552
6.41152,9.32697,7.01597
5.26119,4.88166,3.97149
5.19057,5.00325,4.26737
1.86593,3.04502,2.08836
1.66666,3.16207,2.08502
1.4811,3.31508,2.00622
1.45894,3.2589,2.12995
1.27124,3.45727,1.93936
1.25866,3.3892,2.09807
1.03808,3.54254,2.04377
1.05391,3.48095,2.15137
0.809548,3.64756,2.07371
0.773819,5.5127,2.97297
0.805439,5.42916,3.0457
0.832381,5.2237,3.05152
0.374986,4.96609,2.72344
0.47779,4.75211,2.78815
0.032042,4.50066,2.47507
0.160279,4.38453,2.55159
-0.275898,4.08111,2.23299
-0.14556,4.05195,2.32409
-0.893906,2.92812,1.75692
-0.476776,3.69942,2.07754
-0.37554,3.71762,2.14512
-0.307696,3.74803,2.18736
-1.20739,2.84099,1.76565
-0.698264,3.358,1.9077
-0.640543,3.39327,1.95166
-1.43987,2.32296,1.59029
-1.49926,2.11946,1.54222
-1.53699,2.22429,1.524
-1.20889,-1.63896,1.4666
-1.30481,-1.35946,1.29665
-0.949973,-2.08307,1.59927
-0.792933,-2.27049,1.68994
-0.777751,-2.08132,1.7212
-0.698388,-2.21483,1.76522
-0.536085,-2.50453,1.84339
-0.408253,-2.6589,1.91764
-0.373403,-2.5234,1.95257
-0.223354,-2.81287,2.03482
-0.0184755,-2.95123,2.15425
0.0433326,-2.91814,2.19327
0.2053,-3.09876,2.29318
0.118314,-2.8814,2.24937
0.625342,-2.90629,2.24926
1.47537,-3.70386,3.09688
2.14119,-3.93586,3.53401
1.02303,-3.5293,2.80877
1.83131,-3.87661,3.33189
2.25987,-4.05623,3.6021
1.07806,-3.51136,2.84953
3.03175,-4.10531,4.11671
2.69427,-4.18523,3.89067
1.38821,-3.66594,3.04507
3.55313,-4.16835,4.46187
2.82777,-4.32703,3.96809
3.2254,-4.33541,4.22513
3.66068,-4.29039,4.5094
4.10857,-4.19528,4.82761
2.98944,-3.96049,3.79308
3.83383,-4.48881,4.6158
3.76402,-3.84124,4.32048
4.71793,-4.19614,5.2375
3.60063,-4.15778,4.1869
4.53025,-4.62924,5.06244
4.96339,-4.42677,5.36475
5.3461,-4.13848,5.65519
4.91724,-4.96674,5.29444
5.72182,-4.44667,5.8683
5.98999,-4.01633,6.08151
5.91482,-5.21372,5.94614
6.27215,-4.88068,6.20509
6.53467,-4.40379,6.40407
6.20173,-3.57851,6.08009
6.68277,-5.12959,6.32354
6.9038,-4.65915,6.49611
6.69916,-3.88608,6.31389
6.68933,-3.28358,6.37182
8.42846,-5.60287,7.56082
7.7023,-4.47194,6.94004
7.35111,-3.0202,6.83893
10.4051,-5.93535,8.90696
9.02376,-4.45233,7.83085
8.10239,-3.34652,7.1839
6.96523,-2.33609,6.35714
11.7331,-5.66448,9.64354
7.20748,-2.42583,6.24373
8.54729,-3.41412,6.78063
7.41294,-2.4759,6.06278
5.31003,-0.544456,3.86085
6.55993,-1.72995,5.57684
7.52561,-2.41674,5.79476
6.66738,-1.73326,5.33431
4.44389,0.314393,3.66604
6.11007,-1.15334,4.80468
4.83619,0.177403,3.47198
6.07779,-1.05606,4.48164
5.61634,-0.670135,4.36142
4.18003,0.741553,3.0244
3.92216,0.868868,3.05957
-2.04335,2.10813,1.1742
3.44954,1.17655,2.98316
-2.13478,1.44869,1.06708
3.31146,1.74847,2.82816
3.24548,1.85861,3.04261
3.20892,1.97608,3.29033
3.48075,2.14885,3.08595
3.41743,2.25864,3.32547
3.80534,2.56623,3.23153
3.7071,2.64738,3.43023
3.63464,2.75047,3.6888
3.57024,2.84488,3.95469
4.04739,3.16304,3.61568
3.88951,3.35634,4.14795
4.37417,3.943,4.14668
4.28195,4.02595,4.41446
4.398,7.06568,5.89491
4.17074,4.09207,4.70339
3.73598,6.12376,5.3721
4.04202,4.1107,4.9452
2.81488,4.68459,4.33943
4.81909,4.99937,4.89178
4.67974,5.0354,5.15703
1.60352,3.0203,2.49474
4.50923,5.02775,5.4179
4.37169,5.02168,5.67919
1.55154,2.97729,2.65612
5.39779,6.45458,5.9373
5.2183,6.43507,6.21133
1.3983,3.13299,2.50812
4.63698,5.88727,5.99421
1.3646,3.08304,2.65893
5.54704,7.66074,6.68263
3.88216,5.49337,5.03962
1.19051,3.24239,2.53155
3.89745,5.64914,5.46826
0.975756,3.34532,2.56105
0.756673,3.45359,2.60737
0.790228,3.37102,2.74744
0.538148,3.53123,2.68947
0.582608,3.45021,2.76212
0.293023,3.4017,2.57511
0.0427308,3.20039,2.391
0.132034,3.13641,2.45387
-0.117602,2.96988,2.2651
-0.325713,2.75813,2.12189
-0.497069,2.56612,1.99471
-1.0517,1.85682,1.63653
-1.38306,2.52058,1.65131
3.62352,0.960196,3.22888
-1.82894,2.94224,1.36715
-1.01143,2.81241,1.71651
4.08928,0.515425,3.64855
3.83894,0.742075,3.45658
3.19903,1.34213,2.93865
-0.683539,-1.84308,1.79727
-0.961538,-1.88052,1.61145
-0.404948,-2.10216,1.96517
3.79582,3.47075,4.47243
-0.284151,-2.08454,2.04642
-0.0789189,-2.26866,2.16706
-0.0143113,-2.22995,2.21753
-0.729693,3.14552,1.86973
0.53283,-3.19595,2.50299
0.23975,-2.44392,2.36837
0.430235,-2.50818,2.48449
1.20689,3.61439,1.64615
1.76013,-2.9579,3.34549
2.12671,-2.72574,3.60845
0.94666,-2.69626,2.82285
2.36081,-2.63392,3.78267
2.09647,-3.04134,3.57011
1.24669,-2.73002,3.01188
1.34069,-2.71422,3.06685
2.28376,-2.9194,3.694
2.47922,-2.76677,3.84131
2.63805,-2.56604,3.97501
2.46133,-3.10505,3.80669
2.64189,-2.94701,3.93966
2.79863,-2.72962,4.05995
1.46318,-2.87936,3.15624
2.86358,-3.15161,4.0674
3.01442,-2.94033,4.18775
3.12554,-2.66332,4.28004
3.18931,-2.35635,4.35998
3.31712,-3.19133,4.37269
4.17662,-1.62862,5.07159
3.41333,-2.90985,4.45266
5.59283,-3.01604,5.8992
3.46487,-2.57351,4.51377
3.45337,-2.21089,4.54438
4.84648,-1.89919,5.49523
3.80986,-3.19799,4.69678
4.36866,-1.3844,5.20974
3.83648,-2.85051,4.73828
6.30959,-2.86405,6.3979
3.80963,-2.45448,4.75392
5.68994,-2.21107,6.00126
4.32772,-3.16001,5.03121
4.54841,-1.1253,5.35139
4.27887,-2.7546,5.03533
6.74495,-2.51912,6.61219
6.20839,-1.94403,6.38055
4.37174,-2.75405,4.82348
4.75729,-2.62833,5.36723
6.39755,-1.89861,6.09502
4.49444,-2.11349,5.23484
5.72427,-1.37615,5.75863
5.15158,-0.921446,5.53722
4.64332,-0.539392,5.37339
5.8682,-1.30868,5.46297
-0.540009,-2.31553,1.85484
5.31514,-0.905282,5.25802
4.3401,-0.229786,5.00598
5.41293,-0.818831,4.94929
4.9511,-0.504816,4.83868
4.50314,-0.210789,4.76273
5.02662,-0.408539,4.53743
4.06708,0.404424,3.93644
4.62508,-0.159203,4.48616
4.24122,0.0753642,4.47648
4.67939,-0.0561052,4.19147
3.54006,0.753615,3.79712
-1.44768,4.04461,1.6824
3.3672,1.16563,3.1362
-0.0899457,-2.72996,2.12883
-1.70537,3.1988,1.45819
2.81463,1.30125,3.51755
-1.6881,3.34999,1.48272
-1.94487,2.36232,1.25654
0.314204,-3.02571,2.37006
0.822583,-3.35364,2.6874
-2.07703,1.87815,1.13299
-2.15066,1.65301,1.06634
1.46834,-5.04768,3.00613
3.12137,2.37989,4.01925
3.00712,2.38519,4.25062
3.28511,2.8508,4.43431
3.13488,3.08597,4.46307
2.65627,2.67527,4.11034
-1.89391,-0.755085,0.961347
3.31921,3.6223,4.61091
2.8003,3.12445,4.23653
1.35314,3.05005,3.28368
2.18736,2.79975,3.80403
0.869723,2.94117,2.92631
2.33948,3.83197,3.96458
2.09208,3.45572,3.77835
0.638238,2.94644,2.76945
1.62174,3.11317,3.47228
0.416189,2.8023,2.61251
0.450965,2.68258,2.62615
0.20215,2.68295,2.46164
-0.524656,3.41392,2.02259
-1.27273,2.70804,1.72915
-0.970038,1.84293,1.88071
0.555881,-2.51538,2.56357
-1.48442,2.08534,1.50956
-1.58033,2.03806,1.48035
-1.61532,1.87132,1.44457
-1.66551,1.65513,1.39778
3.60852,1.47937,2.10372
-1.81731,1.20296,1.26618
-2.13657,0.773841,1.02266
2.58169,-4.04177,3.81895
4.02911,0.0507283,4.7734
-0.954897,2.32082,1.92733
1.6862,-3.79127,3.2335
3.60732,0.499792,4.29524
3.81074,0.287216,4.51819
3.77625,0.497141,4.08098
-2.09735,-0.0895328,0.989262
1.16847,3.15197,2.75765
-1.86147,-0.584272,0.993982
1.02161,3.23898,2.76131
1.62106,-2.76746,3.26142
-1.60379,-0.118963,1.20105
0.12062,-2.29449,2.29891
-0.812842,-1.60366,1.73484
4.30592,0.284455,3.88792
-0.78995,2.48635,2.02325
-1.82502,0.984926,1.24786
3.05231,1.43601,2.99061
-1.45569,1.42248,1.52741
2.48309,3.17552,4.01026
-1.65829,0.100394,1.25423
1.71266,2.86707,3.49852
-1.84764,0.331049,1.17806
0.0919981,2.48902,2.37421
0.283994,-2.35408,2.40161
3.34823,2.35587,3.59817
-1.85318,0.54894,1.18805
-1.16576,-1.44245,1.47822
0.980661,-2.1269,2.78397
-2.14416,0.541619,0.998845
-1.69942,-1.44029,1.03547
1.97458,-2.14808,3.54755
-2.12062,0.327867,0.993516
2.08005,-1.87737,3.64891
1.4918,-2.14487,3.21717
-2.13793,0.11701,0.974032
2.46384,-2.31033,3.86559
2.41653,-2.0173,3.84989
1.68848,-2.11265,3.35369
-0.969889,-1.41076,1.63321
2.50689,-1.61669,3.95885
3.05842,-2.18012,4.27305
4.87027,-2.02481,5.47807
2.88406,-1.82736,4.19138
-1.45329,-0.980315,1.23079
2.66533,-1.48793,4.07736
3.58926,-2.45739,4.60807
3.66995,-2.01412,4.69682
3.36999,-2.07806,4.48923
-0.17313,2.28238,2.18242
2.81166,-1.34257,4.18537
3.27043,-0.64824,4.53552
-0.726056,2.53891,1.93071
3.95754,-1.84069,4.90215
5.73823,-1.50238,6.08631
3.32845,-1.5442,4.51264
4.86374,-1.07754,5.54944
4.06562,-0.723455,5.06609
3.3653,-0.45509,4.62286
3.97976,-1.77049,4.90528
5.29831,-1.00116,5.49978
3.52193,-1.36464,4.6456
4.88648,-0.743611,5.48485
4.72621,-0.495508,5.11215
-1.20891,1.88538,1.70376
-1.36081,1.43909,1.5969
4.55866,-0.384473,5.05484
4.20168,-0.201109,5.13722
3.49432,-0.0427306,4.74817
4.60853,-0.222049,4.65506
3.38434,0.724525,4.06888
3.52756,0.16949,4.78728
3.19754,0.883901,3.96893
4.31777,0.120498,4.2653
3.4831,0.378588,4.73137
3.14245,0.991434,3.80688
-0.520355,-1.82491,1.91071
4.96133,-0.289386,4.3475
2.94245,1.16467,3.67126
3.02624,1.22227,3.44713
2.60735,1.31694,3.78098
4.07917,0.600799,3.46334
2.68293,1.43323,3.56959
2.72556,1.40564,3.41066
0.951115,-2.32163,2.52376
2.81699,1.59131,3.38907
3.2685,1.25984,3.02635
2.75525,1.70012,3.64516
3.02558,2.00027,3.61826
2.59865,1.73042,3.96253
3.4755,1.08592,3.15422
3.03354,2.28326,4.02329
2.87425,2.17671,4.16432
-1.59152,0.351109,1.35993
-1.60992,0.767799,1.36605
-1.3489,1.63467,1.61305
-1.36749,1.22102,1.56986
4.28121,2.91129,3.36698
3.03668,1.61037,3.05094
-1.37782,-0.10937,1.34568
0.769171,-2.55602,2.70248
2.86869,2.02579,3.92633
-1.62072,-2.11218,1.06327
-1.05237,-0.590449,1.52212
-1.05859,-1.13044,1.48626
2.945,2.51403,4.28149
2.9138,4.30052,4.36767
2.45667,4.0581,4.03846
-1.42404,-2.69466,1.2386
-1.84585,-0.0979012,1.15383
-2.10367,-0.338798,0.971339
1.89721,3.20824,1.68113
-1.45713,0.982068,1.48897
-1.57113,-1.23017,1.13734
2.47692,2.71044,3.98917
3.40384,2.90567,4.31252
1.42998,2.99736,2.78696
1.48195,3.44693,1.66856
-1.42404,-0.761185,1.26823
1.69892,3.32187,1.67708
-1.85702,0.779787,1.20719
1.51582,2.83139,3.36154
-0.414228,-1.90583,1.97177
1.86502,2.82086,3.59119
-0.0551026,2.31645,2.26704
-1.40054,-1.62204,1.22161
1.03041,2.91503,3.02923
-1.64494,-0.31724,1.16101
-1.33209,0.753103,1.55717
2.17169,3.21046,3.81965
-0.144975,-1.83573,2.16138
0.62289,3.64033,2.31411
1.85176,3.16413,3.61251
2.50173,1.89063,3.93824
0.558214,-5.79737,2.35004
1.24491,2.78396,3.16664
2.71575,2.33835,4.11329
3.3423,3.2796,4.60122
2.88151,2.83074,4.2578
2.30202,2.09158,3.83952
2.50858,2.45187,3.9972
-0.953235,-1.03469,1.65517
2.90641,3.26802,4.30147
2.56653,2.87587,4.05259
2.29285,2.54212,3.87346
2.052,2.2365,3.67622
-1.86691,-0.362144,1.06477
0.851257,2.71608,2.89541
2.25711,2.88703,3.84413
2.0524,2.58516,3.70732
0.521231,-2.12541,2.58209
1.87447,2.31042,3.55732
0.586013,2.71574,2.71974
-0.253683,-2.55056,2.03416
1.14261,2.45696,3.07132
-1.03619,-0.980002,1.50249
-0.807296,2.97326,1.80988
1.69602,2.37442,3.44262
-0.75147,-1.25109,1.79807
0.953483,2.5052,2.95028
-1.59189,0.565053,1.36909
0.491982,2.59389,2.63896
1.59275,2.62912,3.40317
1.51291,2.42027,3.32322
0.353176,-2.07203,2.47647
-1.34938,-0.331085,1.34783
-0.964834,-0.788413,1.563
1.34758,2.53227,3.22175
0.609031,2.41266,2.70994
-0.589647,-1.46975,1.90069
1.15141,2.59026,3.09293
-1.48455,0.0882749,1.29543
0.441186,2.37177,2.59247
0.387589,3.19077,2.61112
-0.335211,-1.69806,2.04462
-1.22146,-0.341356,1.43052
-0.558676,-1.64774,1.90136
-1.22551,4.5438,1.87215
0.303995,2.34671,2.50809
0.185933,2.32877,2.43082
0.64007,-2.11628,2.66306
-0.59753,2.10078,2.13094
-0.754516,2.06319,2.03551
0.747417,-4.31243,2.57686
1.17669,-3.55139,2.91558
0.898041,-2.60286,2.78995
3.10605,-4.18845,4.14704
-0.591773,1.75334,1.98855
-0.275947,2.13752,2.22967
-0.744831,1.88871,2.03396
-0.212402,2.76814,2.19054
20.1397,-25.9139,12.8495
0.611705,-4.29385,2.48874
-1.89576,2.69007,1.3051
1.1422,-2.24195,2.9757
1.38351,-2.74464,3.1023
1.97122,-2.96988,3.48552
0.079804,-1.94537,2.3012
-1.24822,0.11877,1.44742
1.19041,-1.88353,2.7107
1.30123,-2.43088,3.07106
-1.02448,2.08931,1.86047
-0.763885,1.51103,1.83933
-0.548829,2.44906,1.94994
1.81167,-2.04892,3.44401
5.32044,-4.74254,5.57131
1.92309,-2.80433,3.46061
-1.22234,1.20109,1.67035
-1.46052,-0.122855,1.29429
-1.02823,0.997995,1.65497
-0.972288,-1.2181,1.64041
2.94785,1.90339,3.60654
-1.08584,0.816458,1.59976
-1.18918,-1.23515,1.40702
-1.24976,0.341769,1.46269
0.308372,2.52311,2.5216
-1.19463,0.703236,1.52828
1.25272,3.02351,2.95104
7.56913,-3.70014,6.909
-1.45631,-0.543169,1.2638
2.13171,-2.55007,3.61396
-0.996867,1.64955,1.84733
-0.338203,2.2606,2.11911
8.39311,-3.42112,6.96789
2.11438,-2.08449,3.6466
-1.13706,0.603101,1.54974
12.6592,-6.65116,8.67534
8.33193,-3.06341,5.56289
-0.152513,-2.07925,2.13268
6.56312,-1.45992,4.10495
-1.74929,1.36732,1.31531
-2.06246,1.67177,1.13383
6.32673,-1.69864,5.69587
2.8302,-2.56976,4.09228
7.59636,-2.24563,4.95866
11.45,-5.04738,7.45675
5.80189,-0.925787,3.66338
2.7129,-2.25853,4.0306
-1.65888,1.21053,1.37861
-1.24816,0.537603,1.48449
5.80991,-0.809717,3.25236
6.7468,-1.67668,5.14753
2.91482,-2.50747,4.15584
-1.74388,1.05767,1.30769
-2.22713,1.27144,0.992698
2.67939,-1.89684,4.04356
-1.02051,1.44538,1.8201
5.97966,-1.14582,4.95266
-1.23391,1.00347,1.63728
3.03636,-1.01679,4.35275
5.35486,-0.374261,2.96296
5.52685,-0.685827,4.51622
3.19562,2.33556,3.84338
5.40798,-1.80442,5.85362
-2.13252,1.20948,1.05185
-2.13847,0.980853,1.03395
-2.25129,0.981197,0.953257
7.98145,-2.8565,3.34928
3.85832,-1.02676,4.90111
-0.0356432,-1.88273,2.22956
3.13705,-1.65795,4.37157
0.769145,-2.12732,2.7358
4.29738,-1.61258,5.13854
5.16309,-2.50379,5.62335
3.6667,-1.23352,4.75797
-1.47732,0.557524,1.44514
-1.21905,-0.772054,1.40222
4.47559,-2.22271,5.19782
2.90396,-1.17759,4.25244
5.64571,-0.486601,2.33084
5.61292,0.251148,2.28232
1.02171,-2.10437,2.90575
4.69411,0.638747,2.57812
4.20527,-0.557546,5.17864
-1.40545,0.320287,1.37771
6.25161,-0.946957,2.5302
4.92142,-0.560363,4.99593
5.10428,-1.67998,5.66586
6.10036,-0.127677,2.49516
3.44701,-0.27028,4.68268
5.18794,0.573325,2.10544
1.19439,-2.09798,3.02293
4.74363,-0.781512,5.47516
3.35509,0.5583,4.51279
-0.842317,-1.23846,1.73041
5.44987,-1.40805,5.92318
-1.21066,-0.553634,1.4238
3.19263,0.733474,4.31313
-1.75281,-0.36963,1.07628
4.74542,0.950967,1.81634
5.16141,-0.275191,4.03618
5.41898,-0.732147,4.73614
5.18245,-0.18829,3.77866
3.61023,0.644824,3.95688
4.72708,-0.0313155,4.06883
-1.21435,1.65811,1.70967
0.724198,2.71996,2.8105
4.7825,0.0394879,3.85037
4.83051,0.108719,3.62318
4.03426,0.382155,4.02576
2.96793,0.969566,4.06134
2.97619,1.05167,3.87991
3.58877,0.813264,3.61308
3.89911,1.52313,1.63475
4.22118,1.35246,1.61629
4.10605,1.42117,1.6062
5.11411,-0.349432,4.28731
5.15827,2.99994,2.06873
-0.823588,-1.41883,1.73666
4.48994,0.360787,3.48232
-0.844797,1.87919,1.96547
4.50719,0.488645,3.16606
0.738835,2.53736,2.80337
4.0547,0.294137,4.20106
3.38892,1.03222,3.39413
3.87912,0.610334,3.7009
3.9817,1.62691,1.5183
2.75606,1.19227,3.8437
6.35486,3.12919,2.47587
-1.06154,-0.77742,1.50223
4.19981,0.622155,3.26417
4.50583,0.791297,2.4732
2.94118,1.38912,3.14567
5.94262,4.66929,2.57686
4.25702,0.931727,2.47956
-0.816193,1.58702,1.6697
3.91983,0.990647,2.80215
3.40675,0.929379,3.59333
2.94931,1.64441,3.25366
6.94326,6.28634,3.16746
3.38631,1.29264,2.79966
3.69403,1.06487,2.92353
-1.45153,0.772751,1.47725
0.985699,2.7454,2.98633
-1.38359,0.102767,1.3587
3.66547,1.16613,2.73607
2.72813,1.83106,3.89153
4.07674,1.13581,2.28119
2.82926,1.46245,3.26681
3.18709,1.46911,2.71549
3.12299,1.94627,3.38474
-0.122732,2.15059,2.22567
-1.2453,-0.121515,1.42979
3.63035,1.39777,2.25626
-0.722457,-1.4399,1.80752
1.0484,-2.34567,2.90969
4.0211,2.2742,3.24874
4.58943,2.61502,2.76439
2.33784,-1.64861,3.84167
6.12547,6.25184,4.47488
3.35461,1.64597,2.56621
-0.535272,2.31635,2.12878
4.52849,3.01192,2.82923
5.34847,4.74682,3.67664
0.125972,-2.07384,2.32487
4.7854,3.6853,3.12344
3.19605,-0.790726,4.47885
4.01812,3.26762,3.8108
-0.499146,2.26866,2.20928
1.71487,3.24613,1.84004
3.17531,2.71182,4.36398
3.54135,2.87375,4.01994
-0.164847,2.14714,2.18631
3.59802,3.42189,4.71871
-0.839332,-1.08702,1.74017
0.79518,-2.29081,2.74649
3.34395,4.09354,4.63358
-0.443156,-1.5979,1.98427
4.04492,4.31941,5.19589
-1.20583,1.42033,1.70095
2.80489,3.82775,4.23461
0.562954,2.5563,2.6915
-0.808144,1.61273,1.92614
2.50798,3.58388,4.05663
-1.47475,1.22594,1.50023
-0.70636,-1.60607,1.80882
1.89695,2.59677,3.59785
0.528952,3.60782,2.53249
1.88619,2.95112,3.61207
1.1094,3.12379,2.91579
3.20231,1.21532,3.23502
1.88909,3.65133,3.6543
-1.02175,1.27478,1.78371
1.51339,3.00812,3.37635
-0.536689,1.90034,2.06409
2.5848,1.44879,3.69751
1.37277,2.7496,3.24835
-1.19133,0.795699,1.57514
-1.21149,-2.77697,1.37828
-1.19255,-2.11213,1.43986
0.249527,-2.06907,2.40614
-0.360644,2.08123,2.16026
-1.62691,-0.535826,1.1554
-1.44691,-0.331232,1.2852
0.645007,-2.22741,2.64862
-1.20405,-0.994312,1.3929
-1.35098,-0.53977,1.33358
0.938553,-2.22976,2.83759
-1.4076,-1.44165,1.22299
1.26613,-2.01047,3.08684
-0.319117,-1.87244,2.03554
3.17292,1.14668,3.41872
1.25189,-1.72819,2.7962
1.58821,-2.32174,3.26699
1.60418,-2.13007,3.28859
0.0877004,2.31701,2.36462
1.40731,-2.33965,3.14868
1.86719,-2.5534,3.44522
1.86843,-2.34832,3.45843
1.59202,-2.51547,3.2594
-1.03366,1.15805,1.72447
1.67333,-1.90658,3.36405
1.22421,2.92294,3.15135
1.65213,-2.36276,3.31328
2.12252,-2.33811,3.63479
2.47745,-2.57666,3.85064
-1.68971,0.310138,1.28748
1.92207,-1.8178,3.54145
2.24734,-2.01575,3.73649
2.09041,-1.74423,3.66432
2.4703,-1.94384,3.89113
2.98966,-2.20455,4.22496
3.66022,-2.49441,4.65337
3.2239,-2.51712,4.35627
2.94705,-1.75585,4.24201
4.61588,-1.42163,5.36648
2.57451,-1.44216,4.01714
5.82778,-1.16092,5.18385
5.7154,-1.45595,5.98696
4.86295,-1.14636,5.52368
2.73218,-1.31685,4.13592
4.02156,-0.882206,5.02939
4.01511,-2.34058,4.89293
5.27486,-0.955907,5.40761
3.3929,-1.46899,4.55665
4.98103,-0.825246,5.55429
5.02502,-2.06049,5.58466
3.39497,-0.493091,4.64667
-1.35995,1.00134,1.55384
3.66742,-1.86958,4.70839
4.3245,-0.379914,5.25916
4.59561,-0.182726,4.58596
3.57427,-0.0800906,4.79143
3.90341,0.159361,4.68138
3.63743,0.141731,4.84719
4.31234,-0.0998384,4.74757
3.42334,0.835703,3.77883
3.69746,0.389723,4.42731
3.54624,0.354803,4.70799
4.0719,0.173023,4.45788
3.8125,0.583616,3.83797
3.23656,1.01932,3.61324
3.50245,0.597792,4.2028
2.81343,1.27529,3.54699
3.86514,0.831702,3.21787
3.2381,2.45019,3.92727
3.06338,2.26314,3.95037
-1.84163,0.113058,1.17363
-1.43688,-1.23059,1.22121
2.68748,2.08855,4.0496
3.36876,3.3543,4.59775
3.06005,2.95993,4.38078
2.76449,2.56456,4.15399
-2.11826,-0.554983,0.941745
2.54019,2.24713,3.97775
2.95689,3.36975,4.33894
2.71846,2.99991,4.15146
2.37527,2.39026,3.89494
2.54136,3.31857,4.0483
2.41132,3.04015,3.96462
2.274,2.73708,3.85129
2.18521,2.50047,3.7804
2.09235,3.02565,3.74561
2.01771,2.77432,3.67918
1.76187,2.63845,3.50423
1.53892,3.14886,3.41398
1.54425,2.67375,3.35968
-1.4898,0.242623,1.31784
0.365602,-2.33407,2.46168
-1.61534,0.962212,1.37924
-0.0256643,-2.069,2.22086
1.10821,2.67752,3.06008
-0.987975,-1.63741,1.61367
-2.25968,0.108142,0.903102
0.209074,2.44824,2.4612
-0.519532,2.14268,2.20696
-1.35349,-1.83059,1.35281
-0.710113,1.51676,1.75754
-1.0618,-2.27872,1.51212
-1.10793,1.34537,1.76439
3.42321,1.37058,2.56585
-0.927058,-2.4667,1.59222
-0.758289,-2.68225,1.68473
2.38453,-2.29618,3.81425
-0.572384,-2.12549,1.84724
-0.31169,-3.2003,1.94089
-0.10374,-3.42488,2.06566
0.334213,-3.81991,2.28481
-1.727,-0.521327,1.08977
-1.62896,-0.748831,1.13674
3.85253,0.402713,4.20211
-1.6943,-2.88281,1.0492
2.90462,1.33736,3.32563
-1.41896,-3.43912,1.19277
-1.21762,-1.87811,1.43923
0.934758,3.21789,2.89167
-1.88949,-0.996004,0.94635
4.7384,0.522424,2.78187
0.766471,3.56362,2.3303
-0.331191,2.54536,2.10029
-1.652,1.42715,1.39416
-0.814351,-1.87054,1.71018
3.8743,1.22864,2.31839
-0.128418,-2.53681,2.11723
-1.85871,1.43451,1.25056
0.540428,-2.34618,2.57359
1.05672,-2.11793,2.61233
1.14428,-2.45733,2.6452
-2.2561,0.551151,0.924678
-2.24872,0.724182,0.938388
1.42017,-2.54545,3.13439
1.63192,-2.95069,3.26001
1.00723,3.63605,1.85542
-2.2122,-0.126594,0.916104
2.37526,-3.14794,3.74903
2.20506,-2.60146,3.66753
2.80466,-3.2178,4.02481
2.67342,-2.91056,3.95988
-1.84127,-1.20647,0.965169
3.46066,-3.28867,4.45155
3.19956,-2.90649,4.30075
2.62753,-2.22293,3.98984
4.49503,1.17841,1.64207
4.04718,-3.33459,4.85196
3.64545,-2.88583,4.6032
2.87828,-2.14685,4.16682
4.62107,-3.28744,5.20665
4.0958,-2.81036,4.89181
3.6108,-2.40489,4.62969
3.13474,-2.05263,4.34858
5.35534,-3.26766,5.71791
4.61118,-2.72396,5.24709
3.41373,-1.94671,4.55545
6.16418,-3.18513,6.27811
4.40684,-1.22953,5.23666
4.31621,-2.12722,5.10126
5.53334,-1.07894,5.37186
5.3127,-1.06534,5.6388
6.59049,-2.83398,6.44781
4.65545,-0.992422,5.41898
5.73121,-2.40595,6.02443
5.3165,-0.655074,4.69185
4.69251,-1.94613,5.36516
5.13064,-0.642024,4.89924
3.91634,-1.63578,4.89781
4.95042,-0.6609,5.16726
6.34657,-2.16891,6.46456
-0.500413,-2.97069,1.83788
4.79359,-0.270676,4.52161
4.1459,-1.43948,5.04654
4.64275,-0.312287,4.78338
6.29128,-1.70305,5.77995
4.51678,-0.385878,5.08801
5.97496,-1.59665,5.9271
4.59192,0.0827036,3.97902
4.48055,0.0508384,4.19514
4.36692,-0.00827476,4.45868
4.28156,0.376155,3.70607
-1.71128,0.525228,1.27883
3.07778,1.26911,3.23962
3.70271,0.805983,3.4864
3.15144,1.73072,3.03596
3.62789,0.614068,3.97767
3.31372,2.12845,3.31863
3.51486,2.61204,3.68443
4.03035,5.18833,5.51439
3.14467,2.10152,3.58395
2.9679,1.84891,3.50577
3.29407,3.7943,4.58644
3.75524,3.20982,4.1519
3.25421,3.52091,4.53839
3.3253,2.55766,3.93894
2.76925,3.8915,4.15698
4.03026,3.95103,4.73953
2.9011,3.5976,4.31154
3.78656,3.54413,4.57598
2.41176,4.13774,4.02332
3.54329,3.12192,4.39368
3.33038,2.75011,4.21095
2.48601,3.78102,4.05214
4.35561,4.88969,5.49665
3.70958,3.7366,4.85295
2.03185,3.84838,3.75811
2.15408,3.68648,3.82687
1.28795,3.07003,2.80296
1.42443,2.95502,2.88364
0.700125,3.25842,2.83241
0.826115,3.27849,2.89375
0.576179,3.18399,2.7426
0.344977,3.02171,2.57686
0.194672,2.93659,2.46213
0.0478493,2.77968,2.36673
-0.142562,2.59252,2.22976
-0.0640306,2.75909,2.28615
-0.871806,2.30034,1.98
-0.930222,1.71907,1.64546
-0.767649,2.27696,2.04646
-1.13836,2.06672,1.78131
-1.12468,1.78369,1.77298
1.88491,3.15977,1.8116
1.43392,3.41236,1.80387
6.9375,-2.39577,6.4869
-2.25087,0.352996,0.917713
-1.59925,-0.976728,1.13657
-1.67388,-1.64304,1.03805
-1.48794,-2.35256,1.22639
-1.34562,-0.760204,1.32382
-1.09996,-1.44003,1.54037
-0.677478,-2.03862,1.79077
0.0261415,-2.62051,2.20958
-0.410923,-2.29614,1.94437
-0.292055,-2.38595,2.01691
0.138557,-2.72295,2.27528
0.300197,-2.79725,2.37669
0.405144,-2.85263,2.43484
0.531974,-2.84676,2.52336
1.50488,-3.23831,3.16475
0.553049,-2.97756,2.52357
1.68795,-3.65103,3.2433
0.747474,-2.95305,2.66667
1.79546,-3.30911,3.34746
0.727112,-3.12208,2.61892
2.03881,-4.01869,3.45529
0.749996,-2.67977,2.35545
2.10289,-3.83705,3.51135
0.979782,-3.05596,2.82213
2.12776,-3.60932,3.5382
2.12175,-3.39196,3.56582
1.00793,-3.29796,2.80511
2.56677,-4.27633,3.79286
1.17892,-3.18194,2.93402
2.54289,-3.73428,3.81131
2.47169,-3.45637,3.79419
1.3285,-3.47701,3.01484
3.18715,-4.54304,4.18572
1.43014,-3.35965,3.08935
3.00257,-3.84537,4.10778
4.18702,-3.12365,4.66096
3.89678,-4.78709,4.61837
8.85461,-6.08052,7.79528
3.7486,-4.39165,4.56449
6.89164,-4.61284,6.41598
3.51665,-3.94623,4.44278
6.32669,-4.16059,6.28394
3.27532,-3.55784,4.32682
5.39865,-3.53189,5.74158
9.44883,-5.54101,7.89553
4.481,-4.57583,5.03752
8.01497,-4.60398,7.11207
4.10903,-4.04632,4.83377
6.55102,-3.71886,6.22701
3.73888,-3.58774,4.63411
6.06612,-3.45219,6.19282
5.91776,-5.45535,5.92903
9.36488,-4.55407,7.96544
4.76558,-4.11806,5.26514
4.25179,-3.60447,4.98083
6.42379,-3.1421,6.31961
6.51259,-5.19388,6.09152
8.82202,-3.59568,6.77184
5.50613,-4.162,5.75015
7.988,-3.23938,7.05593
6.72842,-2.78628,6.40504
7.77738,-2.53725,5.77743
7.46208,-2.42773,5.9308
7.19746,-2.37929,6.17075
6.32942,-1.57275,4.57532
6.53284,-1.692,5.46181
5.94939,-1.03683,4.21135
6.12174,-1.0943,4.64245
5.37118,-0.545854,3.74255
5.65412,-0.614325,4.21922
-1.80957,-1.40504,0.972243
5.2847,-0.16372,3.64516
4.87706,0.193961,3.34567
4.4958,0.437506,3.28724
4.48859,0.231145,3.74626
4.21746,0.768621,2.91079
4.20513,0.701004,3.08366
4.21154,0.490119,3.4969
3.93151,0.934076,2.90475
4.31931,2.51831,3.33545
3.98009,0.727439,3.30145
3.28638,1.69511,2.73846
3.6738,1.21659,2.60531
7.45782,4.82688,6.20051
3.74384,0.940802,3.11231
3.50509,2.1176,3.00406
3.34184,1.87162,2.93661
4.16904,3.27319,3.51957
3.96675,2.96349,3.43555
3.53337,1.13799,2.95774
3.76187,2.63355,3.3378
3.55813,2.31925,3.21382
3.27071,1.52989,2.54864
4.56908,4.12418,4.07826
4.29827,3.69241,3.91016
3.82602,2.88172,3.57504
5.02951,5.20714,4.78937
5.63801,7.77441,6.73387
4.71721,4.64472,4.54364
4.41898,4.08435,4.29005
4.15479,3.59751,4.04381
5.73313,6.80763,5.88208
1.58047,3.10343,2.3275
4.6356,7.42429,6.04639
1.69002,3.02994,2.35528
5.24758,5.91965,5.40089
4.90652,5.19727,5.0461
4.57676,4.54586,4.67941
6.6637,9.10384,7.44963
1.41156,3.19572,2.33258
6.03506,7.81928,6.70737
5.54339,6.73732,6.09788
1.26424,3.27834,2.33905
5.10614,5.82275,5.53664
5.35285,8.45069,6.5997
1.16554,3.33568,2.34
5.52482,8.25628,6.71272
5.73128,8.02224,6.82375
0.986219,3.43347,2.35289
0.835055,3.50382,2.3785
0.320519,3.9585,2.63161
0.407198,4.09045,2.69481
0.51347,4.24775,2.76688
0.616237,4.44014,2.84641
0.27866,4.1456,2.60443
0.0584551,3.66441,2.43162
-0.164438,3.40333,2.26559
0.125096,3.80603,2.48842
0.205405,3.97089,2.55006
-0.0895978,3.61009,2.32506
-0.0153791,3.86295,2.39087
-0.343718,3.22574,2.13396
-0.293708,3.43448,2.17759
-0.268895,3.59317,2.20362
-0.517822,2.99416,1.99865
-0.496123,3.1989,2.03049
-0.747979,2.74956,1.8391
-1.02088,2.63569,1.89815
-1.04355,2.74372,1.84882
-1.16664,2.5307,1.78921
-1.24878,2.29989,1.72269
-1.22978,1.9198,1.38512
-1.42611,1.88925,1.57619
-1.51437,1.80695,1.51127
-1.51114,1.62088,1.50696
-1.72583,0.74561,1.28766
-1.9573,0.245675,1.09882
-1.93914,-0.104797,1.09046
-1.95762,0.103586,1.09481
-1.7196,-0.746595,1.0781
-1.32801,-1.59929,1.33312
-0.972694,-2.33368,1.5697
-0.790783,-2.57277,1.66936
-0.644514,-2.74736,1.75446
-0.618862,-2.8254,1.77027
0.565003,-3.8291,2.48878
-0.386785,-3.06404,1.90528
0.47447,-3.97414,2.41659
-0.148663,-3.22794,2.05088
0.679548,-4.02713,2.54479
0.865325,-4.05631,2.67544
0.06194,-3.42189,2.18201
1.0181,-4.29171,2.74741
-0.23093,-3.32373,1.99108
0.988879,-4.59061,2.71102
1.21055,-4.63605,2.86632
1.42065,-4.61187,3.00354
0.155578,-3.61634,2.22518
0.00243009,-3.58938,2.12644
1.59649,-4.5542,3.13089
1.68648,-5.02399,3.15425
1.88497,-4.93803,3.28449
2.04931,-4.84438,3.41922
2.05197,-5.54833,3.35667
4.7571,-6.23766,5.11098
2.25626,-5.4532,3.49486
6.86363,-9.22357,6.30872
2.43911,-5.31338,3.62719
6.11104,-7.76162,5.72584
2.56883,-5.14436,3.74348
5.54443,-6.67511,5.3323
2.79657,-6.17109,3.81198
5.66231,-6.53184,5.62582
2.97501,-5.9884,3.93868
9.6092,-11.1496,8.01183
3.10599,-5.74054,4.04193
7.78215,-8.59252,6.67818
3.18403,-5.48345,4.13142
6.96273,-7.34098,6.19537
3.76218,-6.94058,4.40593
6.65857,-6.77163,6.17102
3.86649,-6.60734,4.48471
12.4135,-12.4679,9.49839
3.93254,-6.25052,4.56371
3.91179,-5.85637,4.58916
10.1083,-9.35089,8.39949
4.94921,-7.75048,5.08808
4.94051,-6.81419,5.18539
12.4519,-10.0804,9.72956
10.1618,-8.02781,8.36917
24.9616,-18.7401,16.5914
11.2983,-4.99907,7.83534
23.2586,-16.8913,16.2579
7.59693,-2.81686,4.18584
8.39995,-3.07001,4.93301
13.0344,-9.03169,10.2104
8.32791,-3.03276,5.23566
25.8446,-16.6446,16.2196
7.80803,-2.27577,4.17306
25.418,-15.5445,17.9168
7.65001,-2.20999,4.36228
16.4627,-9.93586,12.3239
7.64247,-2.22296,4.67139
15.145,-8.26743,9.03716
13.8202,-7.35989,8.74597
6.67372,-1.43461,3.47995
6.61517,-1.42158,3.68108
11.9031,-6.19451,8.55818
6.63628,-1.45867,3.95785
11.9673,-5.45481,6.84179
11.5977,-5.18108,7.05167
5.92328,-0.835959,3.02978
5.877,-0.888068,3.43694
5.45636,-0.375839,2.75393
5.3254,-0.445168,3.06529
5.56051,-0.544092,3.40347
5.61236,0.0145672,2.80858
5.55998,-0.0259801,2.9625
5.53452,-0.0938123,3.14811
5.53525,-0.185273,3.34034
5.14808,0.379212,2.56907
5.12389,0.328886,2.71645
5.12065,0.25414,2.89042
5.14058,0.159706,3.06893
4.75282,0.691272,2.37811
4.40923,0.931901,2.28496
4.47627,0.725777,2.64399
4.08855,1.1993,2.08908
3.82556,1.38523,2.03949
3.74309,1.69828,1.99841
4.5394,3.27878,2.96652
4.73554,2.56209,2.60811
3.60361,1.59096,2.09614
6.11556,5.98404,4.09536
7.40784,3.8295,4.22978
5.68979,5.31702,3.84592
3.67514,1.78072,2.17254
5.03521,4.18708,3.41672
4.71995,2.9311,2.74015
7.26163,8.16035,5.21801
6.66763,7.15021,4.79698
7.71526,4.12777,4.77365
5.66576,5.40893,4.02451
4.81947,3.55355,2.8823
9.23218,11.9409,7.19589
4.58584,3.23298,2.80866
8.01835,9.88048,6.20399
7.19036,8.35597,5.49377
4.63804,2.89416,2.93969
6.74795,7.39437,5.0629
5.36658,4.56605,3.3828
5.05719,4.11276,3.24096
9.32196,12.4739,7.67231
2.09766,3.04092,1.78871
8.57749,10.8171,6.87077
2.00504,3.08867,1.79768
1.63084,3.32417,1.7622
1.52224,8.16704,3.93877
1.55674,7.49373,3.58884
2.17165,9.34661,4.43341
0.95685,3.70859,1.73826
0.757835,6.40401,3.05938
1.18635,3.56518,1.77552
1.05381,7.65348,3.60591
1.31201,8.17569,3.78831
1.38646,7.65427,3.47088
0.294505,5.70835,2.71286
0.415115,5.95547,2.77415
0.587179,6.49173,2.95434
0.845816,7.81923,3.45844
-0.0729571,5.13168,2.43695
0.0101637,5.4145,2.50633
0.121262,5.77286,2.59308
0.219508,5.94779,2.58202
-0.369519,4.6133,2.20012
-0.318944,4.87255,2.25242
-0.28442,5.83052,2.59761
-0.210456,6.03514,2.58288
-0.613584,4.18112,2.01081
-0.588412,4.40684,2.04323
-0.582562,4.91278,2.18386
-0.564032,5.2677,2.23656
-0.817891,3.81991,1.86105
-0.856745,4.74657,2.01176
-0.809848,3.99409,1.86693
-0.984427,3.46923,1.71957
-0.846355,4.46133,1.98855
-1.00159,3.65622,1.73099
-1.11387,4.2323,1.90233
-1.12789,3.17318,1.60769
-1.16512,3.3956,1.59192
-1.29561,3.00879,1.56484
-1.29218,3.039,1.5005
-1.31901,3.15228,1.46674
-1.52711,3.65985,1.60084
-1.50312,2.94575,1.58124
-1.55305,3.05988,1.55421
-1.63433,2.74557,1.48578
-1.7207,2.89039,1.42542
-1.47155,2.14767,1.24881
-1.7453,2.52755,1.38578
-1.8219,2.62326,1.34766
-1.79811,2.27495,1.34739
-1.98734,2.42588,1.22525
-1.8984,2.08261,1.26401
-1.91527,1.85616,1.23868
-1.91982,1.6523,1.2162
-2.04109,1.48692,1.13187
-2.01388,1.23269,1.13339
-2.26787,-0.142845,0.880527
-2.04519,-0.747824,0.861608
-2.24618,-0.304621,0.881783
-2.01176,-0.90229,0.8779
-1.29528,-3.76562,1.24949
-2.21251,-0.465258,0.884159
-2.06514,-0.719881,0.913521
-1.55916,-2.32802,1.17867
-1.60438,-2.16238,1.15909
-1.61191,-1.86804,1.05561
-1.42306,-2.56301,1.25031
-1.30399,-2.78278,1.31359
-1.18311,-3.00241,1.37983
-1.04055,-3.21686,1.45541
-0.887685,-3.44668,1.54696
-1.15545,-3.11434,1.39177
-0.481299,-4.01471,1.7766
-1.00731,-3.3544,1.46839
-0.640948,-3.94262,1.67582
-0.805062,-3.64614,1.58579
-0.436088,-4.15008,1.79272
-0.316506,-4.33546,1.86783
-0.606471,-4.09816,1.68706
-0.663156,-3.81998,1.66501
-0.170891,-4.52752,1.94632
0.0574316,-4.71539,2.09225
-0.351589,-4.53181,1.83223
-0.0975644,-4.1176,1.71309
0.143492,-4.95312,2.12807
0.398461,-5.12254,2.28807
-0.0373735,-5.03247,2.00988
0.230023,-5.23882,2.16647
0.521004,-5.42272,2.33907
0.804756,-5.60547,2.53056
0.350214,-5.60399,2.22022
0.98405,-6.00972,2.61146
1.29725,-6.15895,2.82088
0.84775,-6.34848,2.50692
1.19538,-6.53737,2.71522
1.5574,-6.68591,2.94019
1.89799,-6.80059,3.1715
1.88302,-7.3997,3.1025
2.2904,-7.52732,3.36474
2.28065,-6.5045,3.10319
2.38421,-8.48135,3.37827
3.27053,-8.64039,3.94139
3.66066,-8.64087,4.2272
3.61232,-10.0676,4.0596
4.36651,-9.56787,4.47421
4.35943,-8.68897,4.38159
5.6665,-12.8424,5.27405
6.25241,-12.7807,5.67199
6.67298,-12.3808,5.966
6.95427,-11.899,6.20844
7.83618,-14.8141,6.23811
8.20799,-14.2091,6.49911
8.53136,-13.5874,6.78437
8.83073,-13.1153,7.11814
13.3876,-21.4614,9.32343
25.5454,-19.8056,14.3344
19.1615,-26.3138,11.8816
20.8023,-23.7229,14.1484
10.2977,-6.97451,5.4892
10.2738,-6.75406,4.2951
10.8256,-6.82113,4.82719
22.56,-23.755,13.6783
14.0223,-8.50055,6.69361
22.9268,-22.9982,14.5175
23.3862,-23.9749,11.9998
8.94188,-4.99249,3.54682
23.698,-23.0169,12.7339
10.0871,-5.4171,4.28691
23.9705,-22.0975,13.5441
24.3018,-21.4624,14.4444
7.70796,-3.89244,3.7617
-2.306,1.48549,0.950602
8.03462,-3.75666,3.04768
20.6741,-17.4647,10.3581
8.41873,-3.79323,3.43049
25.3764,-20.4503,13.4651
7.8437,-3.42389,3.44456
7.4855,-3.19864,3.51882
6.15234,-0.916047,2.5856
7.55387,-2.88803,2.75579
5.89568,-0.461106,1.95722
5.85599,-0.447894,2.09461
5.74064,-0.448663,2.21431
8.24411,-2.91634,3.74599
7.09195,-2.14273,2.50461
6.09683,-0.0385553,2.00346
7.85316,-2.29826,2.99211
6.19679,-0.0443281,2.19167
8.29323,-2.37183,3.41399
6.1205,-0.0704832,2.33011
8.18348,-2.31963,3.61013
6.75254,-1.52037,2.32231
5.72005,0.371026,1.87229
7.10937,-1.55303,2.63876
6.96702,-1.49664,2.79448
5.64588,0.331917,2.05591
6.89599,-1.4834,2.96251
6.31882,-0.954086,2.12963
5.23518,0.718215,1.71564
6.26082,-0.91995,2.27657
5.21024,0.688256,1.82671
5.19837,0.637585,1.95118
4.80966,0.993953,1.63953
4.44502,1.2714,1.4841
4.50647,1.10539,1.77575
4.12484,1.47663,1.44354
6.09901,3.25956,2.18956
5.12613,2.6485,1.92269
6.15475,2.75045,2.14313
4.09672,1.76997,1.49928
5.09243,3.14826,1.93296
6.20255,3.42648,2.5318
5.7498,4.20755,2.23954
5.49154,3.87945,2.20245
5.25139,3.54647,2.15962
5.02232,3.22935,2.09573
6.30289,5.14483,2.6409
5.64895,4.19551,2.42157
6.99448,6.8117,3.04935
7.20753,6.76436,3.18232
6.48046,5.52925,2.87548
7.57316,8.48136,3.54155
7.67366,8.27102,3.60214
7.73474,7.9488,3.62259
7.69666,7.53263,3.56199
2.48509,3.06973,1.25495
11.7455,13.8577,5.84843
8.11252,9.10142,3.95256
2.35478,3.14412,1.24142
2.15663,3.26237,1.22218
2.01492,3.33914,1.22079
1.71617,3.51712,1.21646
1.88929,3.41647,1.20803
1.63723,3.56872,1.1967
1.48056,3.65594,1.19181
15.0391,46.3858,15.0624
1.31381,3.75109,1.21839
1.55954,15.7258,4.26548
5.93806,23.7097,7.54974
-0.0766729,8.84498,2.62136
0.117099,11.2694,3.17009
0.301834,10.8288,2.87114
3.34884,18.68,5.8632
-0.60813,6.60997,2.05685
-0.658338,8.524,2.52067
5.69778,25.5664,7.65049
-0.555783,9.37412,2.61022
-0.398324,9.17313,2.39024
1.29355,11.7285,3.64818
-0.922031,5.76995,1.81195
-1.07812,7.37086,2.18617
2.76604,18.3482,5.34881
-0.888937,6.86444,1.90399
3.60654,21.0407,5.87476
-1.02904,8.86558,2.28086
0.458508,10.8508,3.35899
-1.28504,5.60201,1.78392
0.741733,12.4488,3.71413
-1.31078,6.05009,1.80959
0.957651,11.9033,3.40169
-1.40313,6.95566,1.93037
-1.43001,7.54547,1.93144
-2.25197,4.36128,1.16626
-1.52103,5.05896,1.64051
-1.52993,5.29147,1.60281
-2.11583,3.4094,1.20054
-1.5667,5.685,1.58998
-2.24139,3.65576,1.11839
-1.6438,6.19928,1.58834
-2.35363,3.844,1.05903
-1.73356,4.62562,1.53612
-2.14808,2.99193,1.14794
-1.79119,4.91185,1.51627
-2.24091,3.12551,1.10142
-1.8595,5.27095,1.49249
-2.3377,3.26989,1.04173
-1.85353,5.38686,1.39026
-1.87238,4.1408,1.41411
-1.94342,4.37779,1.38467
-2.2586,2.73881,1.05962
-2.01355,4.64162,1.33994
-2.40431,2.90541,0.972147
-2.12126,4.96012,1.29819
-2.51973,3.01854,0.906607
-1.97267,3.69049,1.30313
-2.05529,3.8913,1.26797
-2.36126,2.49285,0.978301
-2.14302,4.11892,1.21946
-2.45534,2.57418,0.911354
-2.3365,2.31361,0.981105
-2.35932,1.92749,0.949743
-2.44805,1.96397,0.891361
-2.39071,1.70376,0.913939
-2.4146,-0.585567,0.737321
-2.24132,-1.35688,0.69949
-1.29405,-4.3109,1.23239
-1.43437,-4.07965,1.14538
-1.07716,-4.73472,1.3412
-1.25112,-4.52693,1.24109
-1.03851,-4.92227,1.35157
-1.61508,-3.61026,1.05979
-0.771679,-5.47435,1.48726
-0.520847,-5.83732,1.64382
-0.987852,-5.42379,1.35835
1.77933,-9.92849,2.89422
-0.635178,-5.00906,1.29866
0.872862,-8.8838,2.07624
-0.445907,-6.17244,1.66513
1.60016,-10.7652,2.71613
-0.141581,-6.49578,1.83383
2.12773,-10.6132,2.90612
-0.687344,-6.16743,1.50743
2.67209,-10.754,3.19142
-0.383149,-6.59169,1.6852
1.92868,-11.368,2.64192
-0.0312238,-7.01325,1.88645
2.69228,-12.2529,3.10651
0.331097,-7.38557,2.10028
3.3508,-12.3443,3.42749
-0.295385,-7.11572,1.70465
3.95367,-12.3721,3.7522
0.0777637,-7.57693,1.92054
3.04711,-12.5557,2.91933
0.504443,-8.01438,2.15974
0.947053,-8.48925,2.43951
4.43543,-12.8489,3.63522
0.234766,-8.37496,1.97562
5.44892,-13.8452,4.30864
0.703923,-8.89471,2.24414
3.86476,-12.1099,2.83006
1.23268,-9.41548,2.55231
4.74742,-12.8343,3.33417
6.78561,-16.0683,4.64833
7.22175,-15.3263,4.91304
5.80579,-14.5584,3.43857
7.16564,-15.9135,4.21445
7.6211,-15.1211,4.49883
8.4927,-10.845,2.85751
10.7267,-19.3807,6.4232
9.36481,-11.1192,3.38569
7.59631,-15.7142,3.77562
10.1359,-11.2081,3.93782
8.03627,-14.9848,4.06952
11.3777,-11.8301,4.72163
11.2898,-19.1034,5.87088
6.81899,-7.52588,2.0802
14.4911,-22.5683,7.77072
7.75748,-8.00786,2.57228
8.47466,-14.7545,3.62945
11.9719,-19.0449,5.33414
16.0282,-23.3934,7.46637
6.34521,-6.06656,1.77349
11.1642,-16.5854,4.20211
5.85921,-4.84883,1.51727
6.3219,-4.92936,1.81303
6.88035,-5.05927,2.17732
7.53496,-5.26966,2.60049
5.45204,-3.88475,1.31862
5.86893,-3.95105,1.58273
6.34749,-4.04419,1.90278
6.92819,-4.20881,2.27567
5.1464,-3.13617,1.17235
5.51235,-3.17825,1.40866
5.95406,-3.25505,1.69915
6.48784,-3.38652,2.03418
5.25879,-2.562,1.28037
5.65256,-2.61256,1.54206
6.10336,-2.70225,1.83677
4.73475,-2.02111,0.978033
5.06087,-2.04492,1.18173
5.4107,-2.07615,1.41975
5.82337,-2.1421,1.68704
4.59404,-1.58161,0.911225
4.88019,-1.58703,1.09628
5.2111,-1.60864,1.31997
5.58702,-1.65362,1.56337
4.47987,-1.19123,0.85989
4.73805,-1.18505,1.03153
5.03103,-1.19123,1.23466
5.39001,-1.22355,1.46175
4.3749,-0.831662,0.817985
4.63113,-0.821594,0.981559
4.91015,-0.819033,1.17245
5.22121,-0.836029,1.37788
4.52339,-0.483077,0.937854
4.78545,-0.472795,1.11749
5.07559,-0.479169,1.30558
4.67766,0.780357,1.12338
4.0666,1.00161,0.729662
4.68286,-0.147251,1.07198
4.24205,1.04144,0.846082
4.96204,-0.145848,1.24888
4.51331,1.07538,1.03406
4.17475,0.112646,0.744935
4.38707,0.14203,0.882845
4.6023,0.162615,1.03788
4.20719,1.34907,0.844505
4.85656,0.171636,1.20043
4.32845,0.442264,0.864084
4.03255,1.62944,0.747761
4.18515,1.6689,0.849945
4.76013,0.478259,1.15721
4.28975,0.742768,0.853537
4.44281,2.02726,1.04691
4.03542,2.34491,0.794384
4.16623,2.37701,0.882416
4.28432,2.37999,0.969616
4.05224,2.75642,0.83032
4.16426,2.77724,0.908273
4.31987,2.75675,1.0151
4.04777,3.19577,0.869762
4.15593,3.20849,0.940758
4.29295,3.16413,1.02964
4.10804,3.74399,0.934777
4.26303,3.67239,1.03679
4.16249,4.37419,1.01192
4.25131,4.27459,1.07286
4.32093,4.12249,1.10213
2.82206,3.08101,0.747235
2.45222,3.32223,0.706971
5.09025,14.9842,2.26512
7.36955,36.2859,6.18125
7.16591,29.5888,4.55399
4.70385,17.8837,2.545
5.80294,16.4191,2.9033
3.52344,18.6256,2.51158
5.35873,14.3858,2.49828
1.62945,26.0241,4.37168
5.10775,12.889,2.17782
2.25073,28.6061,4.48408
4.69809,11.1924,1.80673
2.82675,28.7927,4.13016
8.00609,28.9326,5.00802
3.34927,28.7018,3.68048
5.15427,17.4585,2.93138
-0.145753,23.846,4.00776
5.33387,16.7827,2.70105
0.222739,23.9192,3.70585
1.19139,26.2613,3.22229
-0.964952,13.0111,2.20163
-1.07312,17.9703,2.76871
-0.928153,22.0716,3.01801
-0.572885,22.1677,2.61772
-1.44437,10.0966,1.72617
-1.74183,13.4748,2.07525
-1.52205,13.5593,1.82867
-1.74954,17.9589,2.05223
-2.04611,9.59352,1.66522
-2.17597,10.8736,1.68209
-1.95084,10.61,1.41804
-2.45997,14.4577,1.61031
-1.98353,6.95446,1.23243
-2.45913,9.01214,1.40899
-2.55445,9.91346,1.32002
-2.79366,11.4077,1.24888
-2.30129,6.39281,1.16162
-2.2733,6.53184,1.03854
-2.29628,6.8815,0.921862
-3.00213,9.30724,1.00574
-2.5401,5.79686,1.08521
-2.56173,5.99156,0.973075
-2.5098,6.0605,0.819928
-2.94045,7.2754,0.783584
-2.61797,5.02498,0.974139
-2.78307,5.43989,0.908387
-2.94928,5.90248,0.811154
-2.75461,5.61417,0.607972
-2.67022,4.38057,0.884052
-2.8457,4.72937,0.816854
-3.00692,5.08496,0.716732
-3.22775,5.52093,0.605219
-2.72179,3.85739,0.815762
-2.87025,4.10333,0.738854
-2.85145,2.34837,0.64133
-3.04296,4.40085,0.641193
-2.98348,2.43941,0.561108
-3.2458,4.72696,0.529949
-3.12644,2.5402,0.465681
-2.77736,3.42535,0.763523
-2.90204,3.59441,0.678613
-2.85945,2.05097,0.610224
-3.0621,3.82103,0.579781
-2.99231,2.12004,0.533213
-3.26238,4.07921,0.473236
-2.80825,3.02457,0.715213
-2.93974,3.1686,0.633484
-2.9457,1.8121,0.549752
-3.08828,3.33831,0.53333
-2.97196,2.79092,0.595926
-2.8904,1.53725,0.567045
-3.11819,2.92367,0.498162
-3.01288,1.56341,0.490561
-2.94873,1.30267,0.510297
-2.95403,1.07198,0.496037
-2.94841,0.849401,0.4833
-2.89047,0.554106,0.501825
-2.88222,0.256565,0.488858
-2.87544,0.0635548,0.481816
-2.86472,-0.1264,0.476778
-2.75553,-1.70677,0.451122
-2.83531,-1.02765,0.424805
-2.55531,-2.26338,0.415929
-2.44314,-2.55703,0.454332
-2.42712,-2.78592,0.452675
-2.31694,-3.14851,0.500695
-2.37382,-3.44336,0.561215
-2.30838,-3.81555,0.589846
-2.20797,-4.19633,0.628893
-2.17991,-4.334,0.639429
-2.06919,-4.69764,0.684921
-1.94152,-5.071,0.744666
-1.91361,-5.31164,0.759155
-1.7527,-5.73653,0.8397
-2.04057,-5.1264,0.687146
-1.8916,-5.54847,0.758545
-0.983544,-9.44815,1.05798
-1.70842,-6.01012,0.844644
-0.0227672,-10.1368,1.39372
-2.53533,0.999604,0.766068
-1.69044,-6.35801,0.843022
-0.33841,-9.8216,1.0636
-1.45487,-6.89595,0.957335
-1.19819,-7.47845,1.09927
0.701492,-10.596,1.46389
-1.6765,-6.80008,0.826234
1.29652,-11.3941,1.7671
-1.17626,-6.0901,0.787407
0.361235,-10.2645,1.07837
-1.1218,-7.99382,1.10175
-0.788583,-8.68627,1.28744
1.68393,-12.4502,1.73358
-1.40384,-8.04481,0.93643
2.44122,-13.3682,2.11847
1.2629,-12.0155,1.2293
-0.675543,-9.53019,1.30832
1.92411,-12.4543,1.50177
2.71429,-13.2173,1.86251
3.20452,-12.6462,2.05387
8.61172,-15.205,2.81997
2.43592,-13.8092,1.38118
6.00253,-12.2336,1.17584
6.34861,-11.6369,1.46458
3.4656,-12.4855,1.7887
7.16164,-11.875,1.88962
3.91026,-11.9887,2.00332
7.69656,-11.7019,2.26613
3.25613,-13.0372,1.28166
5.31028,-9.11907,0.880885
3.81077,-12.695,1.53478
5.70805,-8.92813,1.15191
4.34299,-12.319,1.80038
6.19947,-8.859,1.46598
4.8715,-12.1167,2.08956
6.6286,-8.75443,1.77812
4.14266,-12.7051,1.23287
4.85264,-7.11761,0.696649
4.60084,-12.1938,1.48649
5.21558,-7.0243,0.934254
5.24447,-12.1731,1.82247
5.60237,-6.9475,1.20224
6.02569,-6.95123,1.48833
4.91204,-12.1032,1.16644
4.49639,-5.67981,0.566693
5.81217,-12.6688,1.56332
4.82901,-5.638,0.779486
6.85532,-13.3384,2.05255
5.18747,-5.6087,1.02064
5.5732,-5.62902,1.27852
4.25227,-4.64671,0.475619
4.54719,-4.61543,0.667146
4.86996,-4.59864,0.887076
5.23504,-4.63435,1.1229
4.34418,-3.83491,0.585839
4.63915,-3.81954,0.786514
4.95729,-3.83687,0.999712
4.17425,-3.19696,0.521195
4.46045,-3.19378,0.709896
4.0442,-2.67355,0.470012
4.30344,-2.66173,0.645373
3.79772,-2.00804,0.540327
4.42635,-2.20569,0.763136
4.06494,-1.81074,0.548977
3.98025,-1.45981,0.512867
3.5137,-1.19743,0.222962
3.89978,-1.1398,0.482091
4.1113,-1.12271,0.624938
3.82148,-0.841748,0.453548
3.96394,-0.543617,0.559102
3.89291,-0.276504,0.530928
3.5007,-0.096113,0.279524
-2.57793,0.551374,0.713551
-2.54574,0.323745,0.722823
3.82584,-0.0227345,0.505456
3.45759,0.145052,0.268458
3.76697,0.223531,0.481638
3.60246,0.941555,0.423534
3.20176,2.18563,0.237671
3.55458,1.18398,0.406886
3.38219,2.24715,0.3538
3.2917,1.35329,0.238903
3.10582,2.47636,0.185172
3.21865,2.52553,0.268784
3.08468,2.84227,0.195711
3.40411,1.66763,0.344618
3.1273,1.83529,0.170038
3.12123,3.13553,0.308443
2.8533,3.28004,0.278679
2.90563,6.13765,0.276884
2.80866,10.5555,0.544055
2.75333,9.84226,0.461858
2.32756,3.60473,0.22796
2.89628,15.0746,0.776148
2.67796,13.0269,0.585204
2.48198,11.1676,0.405796
2.45459,10.293,0.256261
2.68234,22.2946,1.15283
2.4568,18.3993,0.79506
2.40564,16.0603,0.521191
2.29587,13.895,0.265241
1.2617,25.2317,1.32024
1.72577,18.4185,0.255456
-0.524997,26.9052,1.43349
-0.161041,23.5548,0.964264
0.201678,23.5016,0.613109
0.29152,12.5351,0.115068
-1.7862,20.0344,1.09245
-0.968243,20.3082,0.0905126
-1.53919,20.1109,0.81009
-2.91638,18.3045,1.02634
-1.23957,20.1744,0.472325
-2.94503,19.9833,0.794442
-2.64769,20.0004,0.419061
-2.38919,20.0439,0.00208905
-3.48034,15.0743,0.874678
-3.74708,17.0896,0.677675
-3.51864,17.1923,0.322907
-3.54848,18.4687,-0.073472
-3.6948,12.1351,0.730592
-3.49469,11.9205,0.476322
-4.4496,15.9192,0.265767
-4.25705,15.9253,-0.126493
-3.60763,9.47048,0.595791
-4.05742,10.9556,0.442782
-4.56202,12.7734,0.189381
-3.37589,7.31723,0.482787
-3.57646,7.92629,0.326683
-4.38157,9.98422,0.132482
-5.00156,11.6716,-0.180804
-3.55794,6.50645,0.452297
-3.73717,6.95266,0.29481
-3.9753,7.562,0.0903724
-4.4933,8.69965,-0.166192
-3.49091,5.46151,0.402084
-3.80942,6.04178,0.265175
-4.1399,6.68147,0.0716437
-3.49359,4.72618,0.370528
-3.45514,4.72016,0.21694
-4.04185,5.59607,0.0540505
3.6676,-1.90969,0.273322
-2.54554,1.25486,0.776029
-2.56698,0.76318,0.734732
-4.46352,6.23438,-0.165489
-3.76543,4.50458,0.040434
-4.34546,5.22435,-0.158789
-3.65183,3.76175,0.193789
-3.93246,4.08373,-0.140399
-3.61654,3.2429,0.179551
-4.15759,3.72991,-0.14633
-3.40986,2.66543,0.287303
-3.58987,2.79602,0.168618
-3.58172,2.41101,0.159989
-3.78346,2.53225,0.019192
-3.76037,2.14542,0.0177023
-3.31025,0.642655,0.227306
-3.35537,1.39352,0.245664
-3.52172,1.42534,0.140935
-3.26184,-0.0320431,0.214451
-3.24509,-0.250935,0.210442
-3.34926,-1.45214,0.0514953
-3.32218,-1.72885,0.0590315
-3.13173,-1.84496,0.166169
-3.31529,-2.56916,0.0150299
-3.06894,-2.1767,0.196957
-2.90139,-2.36846,0.187991
-2.86103,-2.67913,0.187879
-2.89867,-2.93776,0.147667
-1.92808,-2.32714,0.808141
-2.81839,-3.0228,0.188052
-2.77042,-3.40843,0.187603
-2.78461,-4.09703,0.132092
-2.93843,-4.75135,0.120095
-2.72693,-3.86609,0.189693
-2.87023,-4.4623,0.18031
-2.85265,-4.90135,0.160033
-2.82308,-4.64075,0.202146
-1.78484,-8.67682,0.346031
-2.80051,-5.09168,0.193004
-2.79334,-5.35624,0.179714
-2.75647,-5.60343,0.18454
-1.96736,-8.52392,0.260148
-1.90163,-2.75603,0.924907
-1.21043,-9.04208,0.386855
-1.84505,-2.9802,0.943833
-2.7098,-5.85287,0.208932
-1.7782,-8.61099,0.195405
-2.59395,-6.35497,0.213
-1.40777,-8.86563,0.258648
-2.54321,-7.13038,0.243724
-1.02972,-9.34908,0.340814
-0.645982,-10.0922,0.460135
-2.56629,-6.72165,0.227166
-1.27783,-9.42729,0.182235
-2.4803,-7.52979,0.25745
-0.87995,-9.9025,0.275495
-2.31392,-8.27816,0.305937
-2.56731,-7.23276,0.217247
-2.43962,-8.01151,0.255641
-0.744984,-11.3533,0.180306
-0.259793,-13.2443,0.349774
0.38422,-13.696,0.523934
0.848802,-11.5247,0.595303
0.0493335,-13.3325,0.168986
0.567444,-11.4114,0.289857
1.12965,-11.6237,0.458368
1.71599,-12.0186,0.65956
0.827197,-11.3209,0.109209
2.03314,-12.1216,0.490948
3.34929,-15.7083,0.911144
1.68867,-11.7476,0.0778493
2.32654,-12.2161,0.284054
3.77202,-15.7972,0.658258
3.67833,-12.8777,0.791881
2.64587,-12.2636,0.041994
3.38126,-12.8411,0.284893
3.99337,-12.7563,0.549404
4.58952,-12.7175,0.827829
3.74276,-12.8927,0.00189575
4.27329,-12.6015,0.266042
4.8903,-12.5315,0.556698
5.13371,-11.6906,0.806992
4.16388,-11.3197,-0.0343506
4.49027,-10.7362,0.21672
4.83035,-10.2475,0.472668
5.15527,-9.86006,0.721297
3.86289,-8.57805,-0.0540405
4.16987,-8.29099,0.160245
4.49106,-8.04174,0.385954
3.6481,-6.77771,-0.0664054
3.93437,-6.62903,0.121813
4.22959,-6.49016,0.325186
4.52307,-6.38431,0.528806
3.7614,-5.43753,0.0947085
4.03418,-5.34999,0.279301
3.60918,-2.75486,0.179022
3.89584,-4.4923,0.24618
3.3465,-2.37408,0.0266949
4.14602,-4.44702,0.420917
3.54914,-2.34546,0.163168
3.77971,-3.79939,0.219581
3.68351,-3.23031,0.197152
3.42797,-1.64863,0.136455
3.50652,-1.04633,0.2332
3.14413,-0.865972,-0.00731281
3.11034,-0.627297,-0.0135353
-3.92779,1.43634,-0.128089
-3.6093,0.552338,0.0101159
-3.55406,0.0448114,0.0135963
-2.58392,2.28948,0.816344
2.86464,1.8317,-0.00516261
-2.57879,1.46756,0.772698
2.84516,2.40771,0.0202077
2.70068,3.01264,-0.0411334
2.65656,3.38457,-0.0468268
-2.51155,-0.0786158,0.718078
2.38209,4.79681,-0.147649
2.18769,5.60299,-0.206257
2.22416,5.45634,-0.192348
2.02417,6.69248,-0.255712
1.27171,11.1336,-0.616037
0.149984,12.1954,-0.370964
2.07571,6.20882,-0.253636
0.238166,11.1306,-0.422251
0.350651,10.6067,-0.503398
1.85607,7.85303,-0.290673
0.465491,10.6435,-0.638726
-2.60977,-0.337207,0.628869
1.87586,7.24083,-0.330906
-0.556081,11.4657,-0.439993
1.65183,10.7281,-0.365727
-0.297682,9.39073,-0.53938
1.5507,9.49343,-0.353294
1.59764,9.1275,-0.386165
-2.89988,22.5161,-0.617105
-2.58225,-0.523645,0.633144
-2.69491,22.5446,-0.882605
-2.44155,22.582,-1.20479
-1.91067,19.4745,-1.36532
1.16808,11.9502,-0.49305
-3.68094,18.3854,-0.474261
-3.51696,18.4017,-0.731012
-3.32613,18.4957,-1.04013
-3.23259,18.9935,-1.43004
-2.46437,-0.787932,0.686368
-4.47853,16.9221,-0.684417
-2.402,-0.802958,0.725133
-4.28479,16.9011,-1.00366
-4.12788,16.8985,-1.36334
-5.00077,14.6699,-0.606603
-5.96508,18.0642,-1.13641
-5.80466,18.0662,-1.5641
-5.16749,12.0402,-0.257252
-2.30874,-1.2034,0.714338
-5.78113,13.7345,-0.582642
-5.62021,13.6952,-0.911026
-4.53893,8.83814,-0.176365
-2.08185,-1.88348,0.752275
-5.35941,10.6033,-0.461903
-5.60179,11.3041,-0.797973
-1.9344,-2.14594,0.816225
-1.90688,-2.48658,0.816103
-6.23641,12.7834,-1.27117
3.62223,-4.55621,0.0640237
-4.70041,7.88282,-0.353936
-6.03552,10.4019,-1.11289
-4.75116,6.83671,-0.318524
-5.24765,7.64508,-0.612333
-5.93424,8.7154,-1.00455
3.20952,2.9034,0.287581
-4.6015,5.72606,-0.278089
-5.0468,6.338,-0.544046
-5.58226,7.0478,-0.878425
-4.84862,5.27481,-0.4876
-5.32205,5.80132,-0.786141
3.53962,-3.875,0.0578646
-4.6919,4.42724,-0.444081
-5.09349,4.80248,-0.711946
-3.93039,3.21454,-0.0382189
-4.60805,2.30802,-0.543969
-4.21175,3.4394,-0.199045
-3.1796,1.63213,0.37594
-4.98457,4.05863,-0.662571
-4.22806,1.78733,-0.322142
-3.73636,1.3451,-0.00603777
-4.43713,3.12754,-0.379444
-4.44356,3.10916,-0.564349
2.45038,3.6401,-0.122796
-4.06909,2.47166,-0.168744
-3.68129,1.04952,-0.00341316
3.14406,-1.20142,-0.027044
-4.02409,0.461219,-0.274731
-3.79139,0.50126,-0.107006
2.06892,3.55989,0.672995
-3.55163,-0.21521,0.00309882
2.91702,0.992623,-0.0295438
-2.80641,-1.41669,0.414088
3.22389,-3.39824,-0.117754
-4.04556,-1.11131,-0.386292
-2.73002,-1.91427,0.36717
-2.60391,-1.80537,0.422602
-3.82477,-1.24175,-0.242665
-3.38194,-2.32817,-0.0206404
-2.5137,-2.08206,0.459384
-2.58807,1.71559,0.759613
-2.45584,-2.33427,0.474553
-3.58938,-3.52385,-0.340865
-3.18198,-2.89888,-0.0361323
3.65345,-0.34176,0.372197
-3.40681,-3.58581,-0.233053
-3.89872,-2.44104,-0.364784
-2.35404,-2.77594,0.500953
-3.47142,-4.55502,-0.341814
-3.12809,-3.74665,-0.0598417
-3.30857,-4.64521,-0.245974
-3.57216,-5.45685,-0.362334
-3.19533,-4.78182,-0.159191
-2.55335,0.112348,0.704144
-3.24803,-5.18977,-0.102782
-3.04818,-5.87852,-0.258535
-2.92856,-6.05421,-0.189456
-2.95469,-6.82401,-0.275348
2.26081,3.85814,-0.157036
-2.32955,-3.60564,0.585225
2.31121,4.87998,-0.184218
-3.01506,-7.676,-0.295148
-2.50568,-7.97947,-0.282846
3.44454,0.755813,0.306408
-2.05776,-9.1506,-0.301129
-1.90526,-9.44609,-0.301988
-1.69299,-9.65661,-0.294062
-1.49261,-9.76888,-0.310825
3.39346,1.161,0.302377
-1.08644,-12.5179,-0.331109
-1.04963,-10.0054,-0.308041
-0.6529,-10.8657,-0.301276
2.06635,-11.8113,-0.402699
3.44049,1.44312,0.353178
2.68474,-12.1672,-0.26674
3.35272,-12.6457,-0.0995865
3.39071,1.89295,0.344638
-0.392734,-11.2934,-0.353562
2.41408,-11.8942,-0.575725
0.123878,-13.1799,-0.343959
3.05602,-12.333,-0.43904
-2.49472,-0.327386,0.710013
0.709406,-13.5114,-0.250423
3.76986,-12.7931,-0.269685
-0.0971293,-11.452,-0.440428
4.23295,-12.4455,-0.0576718
0.45543,-13.3353,-0.428609
3.3189,-11.9775,-0.627689
3.55271,-11.0004,-0.410633
3.99499,-9.54771,-0.0122988
1.18041,-11.327,-0.374064
3.20215,-9.03639,-0.512682
3.42541,-8.52668,-0.334522
3.86837,-7.71533,0.0151834
2.09025,3.7738,0.152772
3.10667,-7.12447,-0.438481
3.744,-6.35002,0.0328875
3.04653,-5.82751,-0.389819
3.24528,-5.64624,-0.249607
3.65906,-5.33851,0.0443041
3.00785,-4.87852,-0.35562
-3.41323,-0.738136,0.0628361
3.2052,-4.77235,-0.226912
2.9767,-4.14456,-0.330896
3.15924,-4.06053,-0.209146
3.47367,-5.55435,-0.0994713
2.38298,4.26717,-0.168739
3.92299,-3.17743,0.354616
2.03645,6.45942,-0.258152
3.80221,-2.74778,0.306565
3.13712,-2.07404,-0.0831998
-3.22975,-0.950045,0.173962
-3.20062,-1.18317,0.177062
2.94201,-3.53688,-0.311996
-4.50224,3.60824,-0.400474
3.49422,-3.37082,0.0608309
2.75616,3.14364,0.719811
-1.68879,-3.429,1.02003
-4.1534,1.38967,-0.292705
3.44007,-2.90018,0.0622371
-2.97959,-0.114692,0.397359
3.06062,-2.57825,-0.177668
-4.09481,1.05567,-0.279523
3.22645,-2.53038,-0.057808
-4.36364,1.07074,-0.459049
-3.19324,-2.03617,0.110647
2.86204,-2.23819,-0.274398
-3.17698,-2.35233,0.119174
3.24493,-1.44051,0.0262154
-3.87895,-0.115112,-0.241153
3.39031,-0.330201,0.194655
-2.97913,-2.54473,0.121817
2.82582,-1.62137,-0.260852
-2.96897,-0.807157,0.358889
3.35419,-0.0931965,0.187128
-2.79711,-3.63773,0.154538
3.08544,-1.03539,-0.0529853
-3.89327,-0.391055,-0.238829
-4.0836,-0.799717,-0.390982
-2.70194,-6.21481,0.179242
-4.01481,-1.41013,-0.380987
-2.07572,-1.44556,0.712419
-3.9858,-1.7314,-0.378692
-2.33582,-8.07235,-0.29865
-3.94524,-2.06258,-0.376257
2.57918,0.906823,-0.263484
-3.20236,0.310769,0.276634
2.74071,1.62602,-0.103116
2.95039,1.62374,0.0375075
2.64655,2.55324,-0.105569
2.31191,2.5767,-0.326064
-4.08747,2.76489,-0.166439
-3.71706,-2.14041,-0.229072
2.18372,3.27465,-0.361381
-3.85567,-3.22675,-0.381649
2.60119,2.19055,-0.153622
2.30814,3.42601,-0.268968
3.10055,2.07666,0.163318
-3.45216,-2.09704,-0.0530344
3.13653,1.65383,0.158152
-3.69291,-2.48575,-0.231713
-3.59814,-3.23618,-0.239304
2.45264,2.37602,-0.244838
2.10619,3.701,-0.385604
2.57516,3.36378,-0.100427
2.30858,3.39773,0.725489
2.2552,3.88968,-0.26675
-3.57955,-3.98838,-0.372952
2.08685,4.31103,-0.360892
2.22751,4.47352,-0.264594
-3.38316,-4.03185,-0.246332
1.9045,4.8383,-0.454118
1.9745,4.94505,-0.404295
2.065,5.02955,-0.334686
-3.17975,-5.76966,-0.324636
1.74718,5.57803,-0.500809
-3.56309,0.342371,0.0263956
1.80345,5.64368,-0.452819
2.50883,3.47437,0.281412
1.89319,5.70261,-0.394052
-3.093,-6.67973,-0.34691
1.64219,6.61837,-0.50297
2.99484,-0.334346,-0.0659239
2.32136,3.64331,0.143372
1.90758,3.69586,0.566351
1.82512,7.5346,-0.335334
2.96852,-0.124155,-0.0680706
-4.09451,0.117454,-0.351828
-2.73333,-7.8501,-0.291356
-3.42206,-0.516903,0.0698072
1.63669,6.58518,-0.515552
2.94379,0.0811405,-0.070706
-1.26211,-9.87985,-0.353585
1.46509,-11.3937,-0.526742
3.19114,0.554637,0.120682
-3.43848,-1.6839,-0.0144982
-5.13073,14.817,-0.182512
1.29212,7.91119,-0.654703
-3.63088,-0.566955,-0.0725017
1.36575,7.83248,-0.597692
3.33478,-6.92664,-0.284859
1.43795,7.69856,-0.574357
0.97376,10.6161,-0.848283
1.02503,10.3667,-0.804383
3.39871,-4.69847,-0.0885832
1.08845,10.1063,-0.773338
1.13236,9.80153,-0.774157
0.214122,10.1738,-0.785571
2.72233,2.3383,-0.0677473
-4.50348,7.40563,-0.119099
0.288781,10.2383,-0.790429
3.36195,-4.03811,-0.0699878
0.387952,10.4077,-0.818763
0.478025,10.6369,-0.887522
2.56621,2.53867,-0.153619
-0.440308,8.9915,-0.671647
-0.342506,9.16679,-0.724012
-0.234335,9.33186,-0.822247
-2.16405,19.1174,-1.48341
-5.97554,13.3196,-0.892771
-3.83188,20.7245,-1.61998
-5.82063,10.8825,-0.720746
3.4458,-4.62016,-0.0582637
-3.06487,18.1581,-1.79621
-3.21083,-5.80751,-0.153975
-4.31515,16.7083,-1.31865
-5.07166,8.08721,-0.531672
-4.17187,16.7161,-1.51168
-5.40491,8.69885,-0.756545
-3.27505,2.97111,0.388621
3.38303,-3.93058,-0.0540428
-5.91651,9.63187,-1.07454
-2.4801,3.41365,0.951563
-3.20032,3.59852,0.426166
3.43204,-2.80504,0.0575472
-4.92513,6.76864,-0.443592
2.90813,-2.96341,-0.301452
-5.29509,7.32412,-0.660364
-5.80184,8.09828,-0.959355
3.47827,-3.26526,0.0571177
-3.00084,-3.2022,0.0468984
-2.58041,2.08564,0.80772
-4.69143,5.59553,-0.366848
-5.24388,4.08108,-0.872437
2.88294,-2.54651,-0.289224
-5.0891,6.0939,-0.573453
-5.37572,8.97781,-0.736701
3.29579,-2.09057,0.0151073
-3.61982,4.33671,0.112951
2.74202,1.84436,-0.0898112
-4.29769,2.86994,-0.686795
-4.78079,4.97528,-0.491572
-3.21569,1.84665,0.363022
3.70645,-2.31189,0.272125
-4.76123,4.96913,-0.87336
-4.61942,2.65894,-0.534592
-3.92351,4.10341,0.0348825
-4.96084,2.81251,-0.765754
3.68774,-2.0554,0.325921
2.83708,-1.86371,-0.271281
2.98274,-1.82727,-0.177544
-5.01095,4.53888,-0.669344
3.11421,-1.65536,-0.0772105
-5.4474,4.9136,-0.948441
-4.5378,2.19764,-0.506215
-3.84293,3.49486,0.0395495
-4.9071,2.32707,-0.734412
-4.70356,2.74457,-0.582256
2.80332,-1.4394,-0.262731
-4.31044,2.13824,-0.348409
-4.29063,2.52841,-0.317406
-3.78795,2.98968,0.0439494
3.79917,-1.47099,0.386671
2.53168,1.19682,-0.274331
3.55398,-1.42808,0.231753
-4.7925,1.85801,-0.698782
-3.18726,1.01113,0.334051
3.67974,-1.20931,0.32727
-4.39028,1.39787,-0.460335
-3.95521,0.152782,-0.236076
-4.52909,1.81496,-0.5162
3.41025,-1.00533,0.165719
-4.70917,1.43972,-0.670669
3.75123,-0.598876,0.421625
-3.16506,0.760974,0.328455
3.56985,-0.52713,0.306397
-4.45506,0.0166543,-0.596542
4.94893,-2.51493,1.08012
2.75242,2.06223,-0.0683222
-3.88796,1.94099,-0.0798237
-3.60789,2.12049,0.121131
-3.00767,0.554529,0.425588
-4.631,1.05138,-0.646782
3.61227,-0.790358,0.314691
-4.40722,-0.305946,-0.585268
-4.07839,0.730703,-0.29038
-4.49317,1.43338,-0.513328
-4.27618,0.36427,-0.501507
-4.3626,0.713847,-0.480201
-4.28139,0.713799,-0.428439
2.2634,2.96259,-0.325881
-4.57698,0.69386,-0.628248
-3.62128,1.64793,0.0886921
-2.5924,-0.118022,0.6576
-4.23958,0.398157,-0.417246
-3.63823,1.49261,0.0624256
3.21607,-0.763322,0.0518534
-3.8269,-0.934204,-0.218662
-3.01421,0.115737,0.39095
-3.86236,0.749462,-0.137386
-4.04791,-1.08949,-0.384188
3.19046,-0.535285,0.049021
-3.15132,0.0428937,0.290454
-4.29464,-1.27403,-0.56671
-3.79329,-1.21096,-0.21679
2.75898,-0.840325,-0.254929
-4.113,-0.195993,-0.373698
-4.26867,-1.61283,-0.565525
2.7855,-1.18722,-0.25933
-3.76961,-1.49878,-0.216927
-3.50894,1.18421,0.128031
-2.67869,-0.128862,0.598485
-3.65987,1.20468,0.027444
2.73815,-0.623464,-0.253393
-4.07533,-0.489681,-0.36635
-4.23963,-1.96461,-0.565255
3.00008,-1.41497,-0.134573
3.33259,0.140924,0.187914
-3.89861,-0.695154,-0.256603
-3.45496,0.785515,0.133855
4.27467,-0.5503,0.763638
-3.60327,0.780013,0.0334282
2.70922,-0.316672,-0.25253
3.47071,0.324635,0.287261
3.61328,0.387979,0.397269
2.57802,2.95679,-0.122597
-3.43154,0.537157,0.136478
4.30848,-0.177679,0.814903
3.69079,0.530078,0.452001
2.68953,-0.120314,-0.252847
4.53096,-0.102679,0.965517
3.06116,0.335485,0.0209756
3.4384,0.562367,0.285123
2.63329,0.355349,-0.256411
-3.40417,0.296344,0.139599
-3.7028,0.339435,-0.0666184
-3.63779,-1.02422,-0.105576
-3.12668,-0.182722,0.293146
2.45781,3.21102,-0.185793
4.06993,1.23508,0.743773
3.6615,0.773734,0.447303
-3.45852,0.16057,0.0950314
-3.22432,-0.678701,0.193181
2.61416,0.546691,-0.260183
4.53713,0.812859,1.03131
4.10694,0.783307,0.734861
4.35526,1.34903,0.947232
-3.88407,-0.996746,-0.270253
4.4572,1.40352,1.07424
4.14213,0.345457,0.730356
-2.95734,-0.345019,0.393876
3.46262,0.945493,0.334008
-3.48585,-0.974929,-0.00485398
-3.37944,-0.967994,0.0671479
4.56264,0.510562,1.0307
-3.43119,-0.08654,0.0950419
4.31834,1.66956,1.00545
3.24071,-1.63676,0.0143298
-2.97679,-0.576338,0.36685
2.78054,0.580848,-0.149174
-3.62973,-1.3924,-0.121335
4.06328,1.88913,0.782882
2.93833,0.258011,-0.0619414
-3.83943,-1.4359,-0.2662
-3.34657,-1.21826,0.0733194
2.58702,0.737962,-0.263533
-3.40263,-0.322339,0.09961
4.33785,2.01563,0.980603
2.79258,0.351122,-0.154461
-3.45602,-1.43228,-0.0145381
4.14144,2.08722,0.847718
-2.83046,-0.698545,0.458973
3.20334,-3.00575,-0.108884
3.19014,0.792872,0.134828
2.91687,0.524131,-0.0622988
-3.25014,-0.458727,0.190853
-2.82092,-1.20717,0.416078
-3.78498,-1.89755,-0.263891
-2.77266,-0.987996,0.465202
-2.4486,-1.01661,0.692104
4.40708,2.3825,1.04663
3.23936,1.63108,0.230565
2.7729,0.791134,-0.137338
3.0278,0.730695,0.0243219
-2.95608,-1.02292,0.351748
3.25017,2.23853,0.27424
-2.35126,-1.00325,0.736587
-2.71582,-1.28698,0.474941
2.93844,1.15843,-0.00677098
-2.5408,-1.65163,0.477547
-2.94704,-1.62669,0.303981
-2.48474,-1.22789,0.664272
-3.15876,-1.62323,0.166125
-3.70077,-2.97805,-0.268172
-3.44812,-2.68193,-0.077628
-3.39308,-1.94932,-0.00718496
3.22229,1.91543,0.2353
3.37517,2.48884,0.368526
-2.91683,-1.23293,0.351333
-2.79021,-1.62774,0.416872
-2.22983,-1.65034,0.681723
-2.27702,-1.26015,0.593419
-2.70071,-1.50883,0.488811
2.89923,1.37361,-0.0157905
-2.6024,-2.11763,0.393027
-2.48819,-1.86583,0.488572
2.74817,1.23044,-0.127256
2.61755,1.42991,-0.201414
2.48436,1.45216,-0.283473
-2.29475,-1.49614,0.628358
-2.10735,-1.72122,0.753647
-3.84421,-2.75483,-0.349842
2.89206,0.861445,-0.0588152
-2.52922,-2.48219,0.406886
3.19536,-2.33559,-0.0692156
-2.93928,-2.84215,0.123175
2.39358,2.04951,-0.307383
2.99388,3.20646,0.181047
2.74722,1.45977,-0.110382
2.49903,2.15005,-0.230791
3.00929,3.17957,0.305897
2.98691,1.14989,0.0305762
2.49496,1.8518,-0.255141
2.34409,2.31814,-0.318737
-3.08768,-2.7968,0.0250341
2.74552,3.33378,0.296935
-2.82884,-3.23414,0.161283
4.04802,-3.87595,0.386838
-2.8768,-4.01481,0.0736508
-4.20513,-2.33374,-0.566674
2.81294,2.75678,0.0159128
2.12515,3.82463,-0.368149
2.95936,-0.5318,-0.101208
-4.18581,-2.73762,-0.572254
-2.31508,-3.02305,0.506724
1.84808,3.65859,0.729002
-4.15037,-3.16441,-0.578616
-3.67448,-2.82768,-0.232517
1.62597,3.77076,0.760248
-4.13256,-3.65034,-0.59077
2.47027,3.54431,0.186025
-2.30501,-8.31648,0.216006
-3.86557,-3.67278,-0.413973
-2.06833,-4.51052,0.704444
-4.03584,2.35492,-0.153719
-3.89486,-3.97484,-0.573469
-1.66715,-8.72184,0.278446
-3.50148,-6.57804,-0.63943
-3.1335,-4.25202,-0.101893
-2.28388,-4.05826,0.584412
-3.64755,-0.313525,-0.0799917
-3.35473,-5.62764,-0.193836
2.97064,-0.756352,-0.111333
-2.03638,-4.97871,0.686823
-3.27714,-6.63887,-0.487728
-3.83869,-4.52556,-0.587051
-3.38806,-5.64017,-0.298909
-3.28382,-7.38787,-0.656603
2.92647,5.81792,0.293185
-2.13559,-8.46838,0.359676
-3.29109,-4.15627,-0.386717
-2.17729,-4.5256,0.627366
-3.0938,-7.55698,-0.517525
-3.82263,-5.22059,-0.613094
-1.86048,-5.80952,0.757858
-2.90941,-6.87737,-0.247196
-2.90482,-7.71014,-0.385551
-3.56174,-5.21713,-0.446512
-1.46346,-6.44889,0.979958
2.17802,3.85395,-0.105083
-2.58735,-7.84398,-0.502862
-3.56811,-5.68307,-0.605973
2.98755,-1.17713,-0.126857
-2.54604,-8.9487,-0.668488
-3.18112,-4.59331,-0.156631
-1.6002,-3.82367,1.05229
-1.73622,-3.20449,1.00101
-1.4528,-3.8623,1.1512
-0.504257,-9.78467,1.18548
-3.52788,-5.52317,-0.312622
2.65911,0.113104,-0.255696
-1.82408,-3.1489,0.944142
-0.267422,-10.0377,1.44715
-4.01783,2.03019,-0.162943
-2.31592,-9.11471,-0.550215
-1.96204,-9.35022,-0.641751
0.185989,-10.1955,1.24943
1.80766,8.06593,-0.310665
-1.39604,-4.2615,1.15802
-0.978776,-8.75283,1.14815
1.45827,-11.7527,0.307678
0.176188,-13.109,-0.609784
-2.76637,-6.28202,-0.0791591
-1.72173,-9.52729,-0.543372
0.746156,-13.4339,-0.63352
1.13267,-11.3541,-0.533696
1.05147,-11.9705,1.49048
1.6321,-11.4622,-0.508067
-2.93095,-7.78635,-0.188775
1.13846,-13.6459,-0.671093
-2.14121,-8.28375,-0.301509
-0.841766,-12.5204,-0.725595
1.99449,-11.7033,-0.529656
-0.811857,-5.17146,1.48965
2.56393,-12.0098,-0.484515
0.952112,11.9888,-0.402168
-4.08641,3.23561,-0.135764
-1.03915,-12.4467,-0.584297
1.77475,-11.5139,-0.600156
-3.65429,-0.0523044,-0.0606108
-1.21075,19.6512,-0.570616
-0.504273,-12.7061,-0.65463
2.33456,-11.8626,-0.575847
0.0365925,-13.0013,-0.690733
2.95827,-12.2129,-0.535143
3.00537,0.949918,0.0254225
-0.604695,-10.8946,-0.480299
3.62013,-12.6228,-0.461883
-0.155903,-11.3364,-0.53216
2.7249,-12.021,-0.668747
-0.244923,-13.0155,-0.265049
0.393488,-13.226,-0.650457
3.35066,-12.3912,-0.616933
-4.50185,16.2127,-0.35914
3.48888,-11.0055,-0.46875
3.5663,-9.82828,-0.322787
3.17408,-10.5342,-0.625374
2.29668,-12.0053,-0.174418
2.35389,2.70549,-0.286983
3.30659,-9.53867,-0.489068
-2.27367,19.0691,-1.36044
-5.19461,14.6652,-0.291154
2.59584,2.24768,-0.156542
3.42388,-8.67028,-0.360152
0.986295,-11.3643,-0.285995
3.11106,-8.18892,-0.520791
1.3822,-11.4814,-0.187498
2.97182,-4.58675,-0.367343
1.67511,-11.5909,-0.314009
-4.01648,20.5709,-1.45903
3.22167,-7.54363,-0.400684
3.1002,-4.40651,-0.271572
2.825,-0.0919703,-0.161464
3.24066,-4.24416,-0.16963
2.68995,2.67268,-0.0649634
6.34323,-13.1283,2.3267
3.6204,-8.02041,-0.174955
3.04036,-6.56491,-0.449253
3.00711,-3.84367,-0.294813
3.16151,-6.17764,-0.341661
2.98139,-0.983186,-0.121348
3.29692,-5.83729,-0.233725
3.35191,-3.55088,-0.0438736
3.77655,-10.2094,-0.211934
2.51506,2.81816,-0.171727
3.00166,-5.44286,-0.401741
2.90936,-3.33887,-0.320751
3.12756,-5.17961,-0.301438
3.04833,-3.25461,-0.230388
2.76176,1.00796,-0.13165
3.27067,-4.95725,-0.197808
-3.24852,-3.2261,-0.103492
3.00978,1.42695,0.0619147
3.40136,-5.38585,-0.133828
3.02871,-2.81267,-0.217006
3.30769,-2.67203,-0.0141221
-3.61387,-1.88038,-0.140284
-4.50656,7.54424,-0.12366
-3.49782,4.31212,-0.0460925
2.84114,-2.12011,-0.283045
-4.35498,6.25532,-0.102389
-4.04654,4.33817,-0.0399877
-3.69989,4.0158,-0.177126
4.72598,-7.81476,0.563768
-4.0343,3.7873,-0.0655802
2.13406,5.58525,-0.24267
3.18205,-2.74262,-0.107244
-4.25174,4.00326,-0.195736
-3.61134,-0.800998,-0.0738961
-4.47834,16.6507,-1.18942
3.18868,0.326261,0.102119
3.19,0.109121,0.0907313
4.31067,-5.34531,0.462961
-6.07349,17.9195,-1.48393
-3.90681,2.75765,-0.0501686
-4.11131,2.89276,-0.176224
3.03226,-2.32413,-0.17273
-2.73908,2.72696,0.742848
-3.8596,2.33997,-0.044601
3.76994,-2.27754,0.316031
-3.39552,4.02873,0.38019
-4.48726,4.69887,-0.644866
-4.31376,3.90943,-0.245614
-3.92273,3.55757,-0.339359
-4.46851,3.03184,-0.402208
-3.38001,3.48523,0.34782
-5.45503,6.59721,-0.834545
-4.75031,3.19878,-0.593276
-3.86317,1.63457,-0.07923
-3.74061,3.89015,-0.242453
3.42878,-1.83737,0.119655
-3.37852,3.02968,0.322849
-4.11278,3.22458,-0.5341
3.40257,-2.12416,0.0809443
-3.33727,-2.29334,0.00341048
4.7685,-3.23315,0.908099
3.15595,-1.88369,-0.0598663
-3.97689,1.67892,-0.157512
2.99764,-1.63911,-0.1522
-4.23972,1.71658,-0.333656
-3.37845,2.2676,0.285982
4.58217,-2.67104,0.829111
4.31556,-1.7829,0.714704
-3.50939,-2.564,-0.117264
3.38306,-0.568219,0.172646
-3.36114,1.92967,0.269932
4.22652,-1.41912,0.674787
-3.342,1.20968,0.244238
-4.04148,0.415975,-0.283546
-3.35506,1.62567,0.258082
3.21278,-0.981277,0.0340501
-3.33618,0.949235,0.237172
3.23879,-1.23115,0.0331663
-3.18888,-4.10607,-0.126445
4.06428,-0.770939,0.610461
-4.30099,-0.609278,-0.526694
-4.25936,-0.924977,-0.52126
-2.97589,-3.62,0.0390462
-2.77677,-0.337574,0.515521
2.85003,-0.32502,-0.158924
-2.75487,-0.533501,0.51559
-3.18562,1.2562,0.355732
2.7623,-1.02594,-0.261482
-5.85471,13.3732,-1.04359
2.86116,-0.548025,-0.173517
-3.17638,0.516475,0.305509
-3.59626,-1.63375,-0.117598
-3.26487,0.0962582,0.218718
3.18795,0.995219,0.147264
3.16038,1.23244,0.146088
2.80202,0.141796,-0.16371
3.04527,0.530669,0.0220048
-3.86454,1.27302,-0.109432
3.07816,0.165009,0.0208823
-4.31555,3.40177,-0.329006
-3.69327,1.84307,0.0471277
-1.39784,-9.72531,-0.521881
-3.85532,-2.3404,-0.339397
2.44836,2.48131,-0.244552
2.87647,1.6497,-0.0149124
2.46031,1.59908,-0.295033
-3.46341,-2.95142,-0.120669
2.41813,1.83079,-0.303464
2.59822,1.66075,-0.197717
-3.22988,-3.64298,-0.12193
2.32412,3.13345,-0.276561
-3.70346,0.732936,-0.0371257
2.14441,3.38197,-0.380826
2.25913,3.53899,-0.297964
-3.47587,-3.40781,-0.26328
2.57493,1.89281,-0.1986
-3.84305,0.346696,-0.151048
2.16989,3.99638,-0.323749
2.28557,4.15444,-0.232884
3.20178,-0.316522,0.0721907
1.67851,5.82381,-0.531628
1.96857,4.37674,-0.440771
2.07516,4.5597,-0.358079
1.89045,6.23377,-0.361457
2.18186,4.71271,-0.266236
-3.77332,-0.10819,-0.143218
1.46637,6.89336,-0.603096
1.84835,5.0449,-0.482751
1.56568,7.1313,-0.519707
1.9371,5.19379,-0.395985
1.6752,7.3273,-0.43305
2.05064,5.38082,-0.307269
1.28699,8.73834,-0.628171
2.3914,3.68423,-0.164879
3.17746,-0.0979751,0.0692819
0.75661,11.0283,-0.8914
0.857827,11.2813,-0.801052
1.02973,11.5728,-0.686983
-0.0215031,9.76595,-0.760351
0.0540074,9.99564,-0.702031
0.152585,10.2214,-0.650563
0.240212,10.4779,-0.636308
-0.64144,8.89521,-0.668366
-0.52879,8.89912,-0.601713
-3.46621,-1.19419,-0.00993717
-0.428952,9.12169,-0.592208
-2.67372,18.6306,-1.35926
-2.55185,18.8135,-1.31441
-2.39074,18.9735,-1.29123
-3.0175,-5.90648,-0.104639
-3.40704,-5.60617,-0.478168
-3.75192,17.3998,-1.23088
3.39486,-2.4938,0.0529384
-4.22792,20.3395,-1.4228
-3.18406,-1.40741,0.172288
-2.79649,-7.68516,-0.576814
3.81436,-1.82612,0.373855
-3.54868,-2.27206,-0.12677
3.39712,-1.42864,0.12868
0.961084,-13.5553,-0.571574
-2.0503,-9.3644,-0.487847
-3.83749,1.01035,-0.108843
-1.82309,-9.54818,-0.36881
3.63637,-0.132502,0.373628
3.45267,-6.48273,-0.172463
2.5591,3.24913,0.7485
3.60721,0.109437,0.370737
3.25587,-3.62052,-0.116036
3.17472,-3.19049,-0.139109
3.34172,-3.00912,-0.0145743
-3.24216,2.71442,0.406029
-3.93807,20.6422,-1.53565
-5.44723,18.8039,-1.2889
-3.22766,2.3374,0.38992
-4.69412,16.6522,-1.16667
-4.40903,16.6199,-1.32386
3.00554,-2.03412,-0.16876
-5.57564,15.2056,-1.0133
-5.38937,15.0083,-1.06032
3.26698,-1.91348,0.011057
-5.9771,13.3533,-0.867435
-5.7246,13.4669,-1.23644
-5.70685,10.6966,-0.678308
-5.82498,11.0684,-0.805613
-5.73834,11.0823,-0.935165
-2.06234,-2.09556,0.740045
-5.02859,8.03777,-0.498115
-4.77135,4.34288,-0.513518
-5.12213,8.27578,-0.615672
-5.0646,4.59758,-0.704215
-5.89296,9.71611,-1.03833
2.97968,1.86674,0.0684332
-4.88152,6.72094,-0.40904
2.70298,3.43142,0.132621
-5.12777,7.12113,-0.544149
-5.39706,7.57204,-0.717611
-5.81088,8.19198,-0.949607
2.93949,2.13844,0.0646177
-4.28852,2.92137,-0.286183
-4.62301,5.5226,-0.329974
-4.89003,5.87671,-0.463975
-5.19115,6.28947,-0.63642
-4.42511,2.56319,-0.412121
-4.6614,4.86816,-0.39998
-4.27106,4.48565,-0.487157
-4.43809,1.02364,-0.515043
-4.15349,2.05133,-0.241278
-4.63061,2.21355,-0.566462
-3.01761,0.321011,0.402105
-4.08977,1.67776,-0.22315
-3.69475,0.460444,-0.0495106
-4.03619,1.33614,-0.208233
-3.67271,0.186331,-0.0603303
-4.23256,1.36152,-0.357346
-4.29849,0.0296161,-0.485566
-3.98373,1.0175,-0.194438
-4.19401,1.02581,-0.345543
-4.25505,-0.281092,-0.478873
-3.10557,-0.458432,-0.0161216
-3.63769,-1.25783,-0.121997
-4.15672,-1.21943,-0.469988
-4.12918,-1.54528,-0.469369
-3.85367,-1.63713,-0.291533
-4.09263,-1.88206,-0.46964
-4.08092,-2.24898,-0.474913
-3.40646,-1.79364,0.00146548
-3.14258,-0.348766,0.271909
-3.59274,-2.02409,-0.127442
-4.04019,-2.62475,-0.477012
-3.34326,-2.06029,0.00398799
-4.00928,-3.03858,-0.483002
-3.98912,-3.50348,-0.492833
-3.31527,-2.72307,0.0080862
3.64616,-1.61595,0.272113
-2.96138,-1.42808,0.306042
-3.74488,-3.80122,-0.476299
-3.10339,-2.92305,0.00802503
-3.46701,-3.76507,-0.292079
-3.54037,-4.15118,-0.46675
-3.42162,-4.28686,-0.299573
-2.35753,-2.54666,0.517856
3.40357,-0.797023,0.171493
-2.59145,2.71817,0.842305
-2.6791,2.07914,0.739549
-3.68723,-5.00648,-0.507989
-3.36976,-4.89117,-0.309975
-2.69084,1.4991,0.698337
-2.95734,-4.21495,0.00612467
-3.3076,-5.11915,-0.141733
-3.37059,-6.28706,-0.524129
-2.69583,1.25999,0.677018
-3.08939,-5.11053,0.00324661
-3.08806,-6.18791,-0.325237
-3.31555,-7.39993,-0.560237
-2.73701,0.772131,0.618192
-2.7352,0.990556,0.631666
-0.875565,-12.5442,-0.572157
-3.00134,-7.2426,-0.348455
-1.33346,-9.97805,-0.0671122
-1.12827,-12.5389,-0.236456
-0.501251,-11.3086,-0.351688
-2.72739,0.2911,0.599647
0.00292793,-11.4618,-0.464713
-2.63861,-7.88397,-0.348131
-0.81403,-12.7629,-0.106166
-2.4342,-8.46782,-0.527753
-2.79699,-7.93528,-0.0206978
0.293163,-11.684,-0.33255
-2.46382,-8.04442,-0.170698
-2.70632,0.092147,0.594203
0.0671628,-13.2692,-0.133101
0.655641,-13.495,-0.243453
-2.27976,-8.22601,-0.0321425
-1.95427,-8.42315,-0.169823
0.850635,-11.3807,-0.13547
-1.75327,-8.57872,-0.0443116
1.93986,-11.7525,-0.275936
-1.56829,-9.78654,-0.190475
2.08882,3.4975,0.775452
2.54751,-12.087,-0.319767
-1.13983,-9.96628,-0.339765
1.68784,-11.6612,-0.162593
3.64854,-7.12069,-0.094716
2.92117,-12.3292,-0.261195
3.60453,-6.46633,-0.0792068
3.60691,-12.7163,-0.278466
3.64392,-5.94589,-0.0152082
2.64417,-12.1941,-0.197156
3.30499,-12.5864,-0.225528
3.48705,-5.88402,-0.115271
4.01343,-12.9014,-0.245005
3.53976,-5.43154,-0.0539237
3.8728,-10.7777,-0.186447
3.58373,-5.04507,0.0136574
3.73298,-12.8276,-0.239738
3.93254,-11.6276,-0.210799
3.40672,-4.93335,-0.101693
3.82346,-9.83989,-0.164689
3.78586,-8.62581,-0.107886
3.55148,-4.34517,0.0355022
3.27076,-4.44119,-0.156438
3.73342,-8.93931,-0.165946
3.34835,-4.19159,-0.0911305
3.7156,-7.89717,-0.114332
3.51473,-3.7513,0.0527799
3.21172,-3.76846,-0.151579
3.39548,-3.4101,-0.0102486
-2.4885,-0.564442,0.688278
-3.19041,2.10543,0.397618
-2.58583,-0.742517,0.605272
3.10449,-1.34382,-0.0634828
-3.82465,0.128802,-0.161655
-3.75292,-0.542214,-0.150032
-1.22969,-4.73341,1.2362
-0.992403,-5.19,1.36344
3.06328,2.3028,0.149182
2.85712,2.46553,0.0337166
-2.83834,-6.11286,-0.100051
2.99673,2.95845,0.149478
2.21307,4.81496,-0.24646
2.7894,3.17118,0.0298465
2.54303,5.32519,0.0170624
2.9224,3.30411,0.14791
2.73536,5.62041,0.147791
2.27241,5.90857,-0.135124
2.4586,6.22482,0.0115085
2.65476,6.56106,0.147111
1.97125,6.63982,-0.293947
2.17291,7.1011,-0.154766
2.30353,4.19527,-0.230816
2.17414,8.98161,-0.00739595
2.36697,9.39289,0.14294
-0.729849,23.1808,0.0454356
1.79878,11.3934,-0.225421
-3.05441,22.4396,-0.587212
2.03854,12.034,-0.024697
-2.84148,22.7662,-0.364419
2.25979,12.5815,0.148285
-2.24265,19.9953,-0.136089
-2.01441,19.8386,-0.0265358
-3.8161,18.3613,-0.425459
1.57452,16.0172,-0.0505142
-3.60353,18.3356,-0.275434
1.81997,16.7578,0.141904
-3.40582,18.5569,-0.148342
0.0556993,10.2753,-0.327227
-3.25494,18.8037,-0.0865289
0.199547,12.3023,-0.218763
0.923908,23.9224,0.124328
-4.11275,15.9832,-0.146788
-4.20579,17.0459,-0.135818
-1.07881,19.9041,-0.336374
-0.845942,20.2508,-0.112586
-4.94541,15.053,-0.164503
-4.49767,6.59658,-0.180036
-4.97392,11.631,-0.136485
-5.02776,12.1328,-0.141387
-5.11045,12.6374,-0.188408
-4.24505,5.30087,-0.0924071
-4.33126,8.25264,-0.0790114
-4.39562,5.54203,-0.177805
-4.3823,8.54743,-0.0891914
-4.3901,8.79133,-0.114022
-4.11947,8.41221,-0.156596
-4.11382,4.45144,-0.0858093
-4.3488,7.05475,-0.0397453
-3.93811,3.6584,-0.00728819
-4.39611,7.56017,-0.172553
-4.19134,5.8555,-0.00882558
-4.25589,6.04614,-0.0456987
-3.87813,3.1287,0.00187674
-4.14538,3.37714,-0.171967
-3.70434,2.57365,0.078531
-3.8144,2.66302,0.00981924
-3.77392,2.26124,0.0174381
-2.73088,0.531584,0.610495
3.36875,-1.1836,0.127548
-3.48055,0.956229,0.126747
-3.60829,0.968524,0.0442544
-2.53448,-0.971184,0.622026
-2.69923,-2.82434,0.265772
-3.00768,-2.08343,0.23839
-2.64718,-3.17208,0.284022
-3.30113,-2.61411,0.0120071
-2.81619,-2.24675,0.23957
-3.22393,-4.95417,-0.0915083
-2.56509,-3.53172,0.301401
-2.82849,-4.22786,0.217621
3.19967,1.44319,0.183046
-2.97388,-4.86976,0.0810794
-3.15557,-5.70386,-0.0770017
-2.63508,-4.1978,0.34318
-2.86784,-5.53331,0.104441
-2.54844,-4.7434,0.373113
3.02466,2.52696,0.140086
-2.5347,-5.40094,0.340134
-2.53769,-6.68458,-0.0279858
-2.52928,-6.27649,0.314776
-2.59814,-7.38915,0.172892
-2.44513,-8.13416,0.00264581
-2.29724,-6.15029,0.452141
-2.35436,-7.24275,0.362225
-1.90724,-8.47527,0.0394343
-2.12429,-7.13054,0.50863
-1.40504,-9.23647,0.0843118
-1.86486,-8.28249,0.574875
-1.57764,-8.83894,0.445481
-0.883021,-10.8886,0.147874
-1.39467,-9.03384,0.612592
-0.994676,-9.20097,0.467402
-0.147787,-13.2689,0.242246
-0.797721,-9.38287,0.623503
-0.400466,-10.3029,0.53052
0.135959,-13.4903,0.484696
0.666698,-11.3382,0.262055
-0.171465,-10.4997,0.683746
0.343883,-11.4633,0.599257
0.916551,-11.5279,0.448301
0.600322,-11.4721,0.735993
1.16553,-11.7476,0.625622
1.79876,-12.021,0.505462
2.4671,-12.3571,0.412595
1.45156,-11.9333,0.754954
3.46965,-15.7071,0.713473
3.58413,-13.1573,0.513355
2.62241,-13.6154,0.853468
3.23802,-13.4018,0.749799
3.78158,-12.8414,0.631886
4.35699,-12.5415,0.562408
3.46979,-13.0805,0.811069
3.98459,-12.6122,0.724311
4.69286,-12.6592,0.671571
4.98515,-11.7046,0.600783
4.29926,-12.6092,0.780077
5.28882,-11.7195,0.675559
4.88575,-9.59705,0.561447
5.02522,-11.9492,0.738237
5.23149,-10.9927,0.680195
4.87408,-9.08712,0.568846
5.01032,-9.91064,0.615383
4.77519,-8.46953,0.547697
4.61494,-7.34315,0.502104
4.46728,-6.43764,0.484157
4.61811,-7.73923,0.485083
4.03733,-3.37009,0.420515
4.47936,-6.79871,0.462075
3.79637,-3.54829,0.246229
4.38506,-6.02003,0.450645
3.85753,-3.32099,0.295771
4.30366,-6.18347,0.393749
3.97488,-2.89336,0.412916
4.24679,-5.56463,0.399874
3.69976,-2.99871,0.218335
4.21714,-5.0297,0.414311
4.20074,-4.58768,0.44204
3.88645,-2.55428,0.374136
4.08747,-5.07234,0.329955
4.08312,-4.6453,0.354764
3.61739,-2.52907,0.195716
4.09889,-4.26318,0.386757
3.93107,-4.23298,0.283101
3.77333,-2.04313,0.394811
3.5472,-2.12239,0.176317
4.00002,-3.62859,0.366636
3.80064,-1.16822,0.407287
3.62434,-0.971031,0.308188
3.76982,-0.892371,0.408387
3.33366,0.414756,0.202609
3.31298,0.649647,0.204886
3.65298,1.09817,0.463633
3.64023,1.3591,0.475888
3.64042,1.63908,0.491133
3.64755,1.94008,0.510354
3.41552,2.09106,0.376298
3.63766,2.25303,0.528507
3.64366,2.60304,0.552622
3.40956,2.78702,0.416501
3.64059,2.98403,0.579649
3.00327,2.80722,0.14232
3.36953,3.1599,0.437456
3.5038,3.28261,0.58952
2.93041,3.13485,0.523297
-2.74054,-2.48279,0.272454
2.68644,3.28663,0.514192
2.43717,3.42393,0.504242
2.18431,3.70854,0.17296
2.18857,3.64042,0.342627
2.19289,3.56526,0.496309
1.93226,3.78525,0.344168
3.9106,8.83873,1.11495
2.79105,19.1772,2.08341
0.888155,26.3403,1.50099
1.21687,25.676,1.91336
3.55695,10.0946,1.00036
3.98711,10.9573,1.32455
2.19557,28.8778,3.05096
2.8105,11.1708,0.562206
3.19442,12.1374,0.889068
-0.528119,23.4984,1.7832
3.64108,13.1583,1.26997
-0.161326,24.0432,2.19401
4.45045,15.4114,1.79208
0.196566,28.7658,2.96572
2.9035,16.3716,0.853251
-2.12465,19.7914,1.25662
3.43721,18.1269,1.3278
-1.8693,20.2027,1.56743
5.38554,26.4551,2.49957
-1.68278,22.0861,2.0109
5.52595,25.5432,2.86496
-1.32824,21.3353,2.15447
2.66895,25.4111,1.38138
-2.95716,-1.85472,0.283139
-3.23921,18.0997,1.22289
2.64739,22.4707,1.65675
-2.94851,18.0399,1.43981
3.82979,28.8857,2.6869
-2.61128,17.7901,1.62624
-2.33315,17.64,1.75131
-3.07648,7.04293,0.68525
-3.24835,13.7505,1.13656
-3.307,5.70712,0.558583
-3.01975,13.8074,1.27205
-3.28843,5.86824,0.587318
-2.86553,14.055,1.37896
-3.25986,6.03936,0.608057
-3.41356,10.4115,0.805444
-2.86131,5.46415,0.535263
-3.28712,10.566,0.907472
-3.28603,4.93865,0.52691
-3.14671,10.7415,1.00249
-3.05842,10.9979,1.07021
-3.28661,5.1812,0.541944
-3.09546,7.60886,0.63431
-3.30997,5.35514,0.532554
-2.82364,7.25353,0.65174
-3.23748,8.73797,0.831688
-3.26939,4.30316,0.491921
-3.16391,8.90622,0.864554
-3.28572,4.45413,0.487594
-3.32402,4.60901,0.469209
-3.15332,6.5547,0.605557
-3.21662,3.58125,0.464634
-3.0795,6.80901,0.664255
-3.00015,3.42667,0.423488
-3.20446,3.11129,0.448736
-3.24166,3.21919,0.43445
-3.27486,3.33407,0.41116
-3.29283,2.51703,0.364973
-3.36291,2.60279,0.319661
-3.18448,1.48107,0.367193
-3.06236,0.93282,0.407985
-3.03887,0.705914,0.409533
-3.30658,0.746032,0.231913
-3.2073,-0.468144,0.221971
-3.17388,-0.705031,0.224475
-3.13848,-0.942912,0.228975
-3.10207,-1.18679,0.235479
-2.78137,-2.15413,0.273697
-2.40311,-2.04397,0.53022
-2.33579,-2.27278,0.551714
-2.5546,-2.74748,0.365585
-2.559,-3.08051,0.34161
-2.21867,-5.17855,0.553606
-2.46148,-3.44325,0.373351
-2.1801,-2.77437,0.604782
-2.03169,-5.87507,0.634
-1.86262,-4.42345,0.833973
-2.42947,-3.62495,0.511681
-2.50253,-4.09419,0.438288
-2.07422,-3.98998,0.722887
-2.22245,-3.25231,0.678446
-1.80646,-6.74349,0.738705
-1.70393,-4.94804,0.910033
-1.66972,-5.646,0.898177
-2.37483,-4.60185,0.490279
-1.59716,-6.53091,0.873676
-2.12598,-3.60905,0.724152
-1.50104,-7.77375,0.86877
-1.50313,-5.55454,1.00027
-1.28685,-7.50316,1.01064
-1.09422,-9.09178,1.04441
-1.26014,-6.30994,1.11779
-1.12239,-7.39464,1.15968
-0.944927,-7.24418,1.26667
-0.701927,-8.51867,1.33601
-0.522409,-8.4202,1.45907
-0.139765,-10.1694,1.60033
0.399849,-10.4327,1.47259
0.0546665,-10.0319,1.72832
0.581695,-10.6381,1.68807
2.53424,-15.6493,2.09178
1.25935,-11.668,1.68869
0.79965,-10.8445,1.86765
1.39136,-11.2406,1.80618
2.4913,-13.9614,2.08198
3.02501,-12.927,1.81327
1.62218,-11.375,1.9646
2.56078,-13.2002,2.15777
3.17822,-12.6866,1.95797
3.91131,-12.6905,1.87711
2.75604,-12.9339,2.2485
3.37377,-12.6621,2.11605
3.98533,-12.2623,1.9674
4.61196,-11.9725,1.87493
3.65661,-12.7925,2.25049
4.02535,-11.7983,2.02359
4.87277,-12.098,2.02732
6.05793,-12.9969,2.16443
4.15668,-11.4921,2.05516
5.34827,-12.735,2.25377
7.66863,-13.8951,2.47294
6.40425,-14.5059,2.64871
7.97988,-15.8591,2.91101
8.64782,-15.1053,2.8069
7.77787,-12.0774,2.3072
8.20926,-15.5889,2.92269
8.81323,-14.8771,2.84854
7.87529,-11.8133,2.32874
6.96011,-9.3533,1.92883
8.72206,-14.1046,2.73104
7.55605,-10.9611,2.20282
6.81533,-8.84873,1.8647
6.33509,-7.41835,1.65822
7.13891,-9.93794,1.99622
6.56,-8.24803,1.74738
6.24763,-7.06764,1.59651
5.95849,-6.09718,1.48894
6.25219,-7.53672,1.58695
6.02307,-6.58516,1.48648
5.81606,-5.74055,1.40618
5.65322,-5.05885,1.36112
5.73044,-6.00181,1.33426
5.59662,-5.33106,1.29227
5.49287,-4.73425,1.2664
5.41222,-4.23138,1.26268
5.32713,-4.85165,1.15023
5.27151,-4.37175,1.14957
5.23592,-3.92581,1.15998
5.2284,-3.55481,1.19151
4.80323,-1.66753,1.04281
5.01462,-3.6053,1.04022
5.04014,-3.27325,1.08084
4.45944,-1.61426,0.810263
5.09172,-2.99215,1.13755
4.59111,-1.45301,0.912219
4.83591,-2.99471,0.961165
4.8945,-2.7276,1.02191
4.377,-1.25049,0.780645
4.52368,-1.10521,0.891639
4.69536,-0.969893,1.01867
4.6743,-2.46508,0.896247
4.15688,-1.03796,0.654063
4.77094,-2.2519,0.9751
4.3156,-0.915679,0.759098
4.87559,-2.06071,1.06399
4.47429,-0.778383,0.879117
4.66596,-0.651032,1.01619
4.50694,-2.10546,0.809042
4.67444,-1.83416,0.939407
4.42491,-0.468546,0.869625
4.63559,-0.343167,1.01772
4.04215,-0.415309,0.615066
4.20787,-0.297015,0.731115
3.90184,0.723488,0.596678
4.33714,1.01328,0.909852
3.99381,-0.124461,0.602617
4.55477,1.16169,1.08993
4.18053,-0.00613979,0.72669
3.8825,1.01339,0.604286
4.60287,0.255613,1.03587
3.95449,0.158404,0.595197
3.86717,1.3103,0.6149
4.34687,0.41609,0.877343
4.08481,1.46869,0.770973
3.92617,0.441289,0.5938
4.12787,0.569629,0.73088
3.85381,1.62423,0.63251
4.34453,0.712008,0.891962
4.8174,2.28885,1.26288
3.86143,1.96418,0.657127
5.02093,4.25533,1.58014
3.98526,3.77747,0.857461
4.30964,4.12103,1.09448
4.73903,2.63968,1.29039
4.68793,4.5107,1.3845
3.87502,2.33714,0.690729
5.17306,4.99552,1.72756
4.14058,2.56259,0.878789
4.44008,2.81211,1.10586
4.8095,3.10272,1.36697
4.84397,5.3349,1.53886
3.90556,2.75514,0.734318
5.359,5.89877,1.91487
4.16811,2.99858,0.931358
4.50554,3.29614,1.17843
4.90091,3.6298,1.45952
3.92207,3.21512,0.784864
2.51994,3.16482,0.970427
4.23554,3.52063,1.0049
4.58593,3.85521,1.27095
2.29385,3.30752,0.965054
2.06179,3.43222,0.956704
1.83171,3.56494,0.95536
1.60064,3.69767,0.957028
5.49468,17.1312,3.06514
8.02772,23.3526,5.3353
6.56491,18.4526,4.63274
7.09629,29.1344,5.19771
13.2264,46.8482,11.4555
6.60419,36.1581,7.20994
7.4802,37.8845,8.36655
6.12012,28.9614,6.92565
3.25498,29.3075,5.83744
0.824612,19.9744,3.99112
1.49307,20.2993,4.70254
-0.72462,16.0646,2.98972
-0.445253,15.5109,3.12834
-2.07137,6.12158,1.29514
-0.139224,13.0119,2.82619
-1.92604,6.30325,1.40717
0.078082,14.9394,3.43018
-1.38396,11.9187,2.2721
-1.79872,6.53091,1.50716
-1.16496,11.8459,2.42134
-2.25983,5.55593,1.24699
-0.928899,11.7131,2.55264
-0.731917,11.7023,2.67183
-1.68832,7.98717,1.80344
-2.05781,5.5406,1.28668
-1.47149,7.82415,1.53572
-1.97787,5.62767,1.31671
-1.35867,8.0123,1.66972
-2.39713,4.76727,1.11198
-1.23389,8.25547,1.81469
-2.30727,4.96138,1.18046
-1.12211,8.51661,1.94265
-2.02029,7.7108,1.56756
-2.23843,5.18546,1.23691
-1.89741,7.83695,1.6726
-2.42568,4.28125,1.06137
-2.37977,4.4133,1.09235
-2.35886,4.56033,1.1153
-2.45498,4.08222,1.01903
-2.46926,3.8147,0.990717
-2.6492,2.35298,0.777459
-2.51356,3.58816,0.94286
-2.68324,2.44996,0.760401
-2.53682,3.24363,0.907559
-2.6269,1.888,0.767765
-2.69436,1.91497,0.721273
-2.55757,3.00346,0.858956
-2.65874,1.705,0.731922
-2.60224,2.5176,0.821067
-2.7536,1.59295,0.655017
-2.65694,0.418034,0.661702
-2.77143,1.34596,0.63119
-2.66927,1.01306,0.682436
-2.63884,0.230072,0.657843
-2.77328,1.10699,0.61036
-2.67015,0.808085,0.673582
-2.61875,0.0481115,0.655975
-2.66104,0.609116,0.664724
-2.56724,-1.16475,0.588634
-2.19031,-1.2295,0.743834
-2.13523,-1.30852,0.599889
-2.30012,-1.73655,0.617978
-2.23009,-1.95749,0.644077
-1.95522,-1.91431,0.830155
-2.02811,-2.23135,0.748221
-2.06604,-2.43337,0.709266
-1.96758,-2.69213,0.750146
-1.79567,-2.29309,0.891117
-1.88064,-2.56909,0.891133
-1.94662,-2.8681,0.876152
-1.9636,-3.1461,0.846172
-1.83463,-3.47907,0.911186
-1.50872,-4.26101,1.08018
-1.25485,-4.18099,1.25811
-1.1389,-4.14899,1.33207
-0.991939,-4.59749,1.40904
-0.736939,-5.86799,1.48404
